Time	A	B	C	D	E	F	G	H
0	-0.0914347061885625	0.0644779388232915	0.0199182977834976	-0.0239963005439792	-0.0479926010879584	0.0130184864627297	-6.93889390390723e-18	0.0180162836630228
0.0833333333333333	-0.0899873887153655	0.0614246133525037	0.0187942836753321	-0.0213844354458682	-0.0427688708917364	0.0133935901590706	0.000751254595882118	0.0170080823784452
0.166666666666667	-0.0886245544707972	0.0584873797167872	0.0177169002432856	-0.0188942008131662	-0.0377884016263325	0.0137478136205837	0.00147800371743606	0.0160886579858709
0.25	-0.0873437642009302	0.0556637458854133	0.0166851076430794	-0.016522727406867	-0.033045454813734	0.0140814718109235	0.0021805360763103	0.0152556301920708
0.333333333333333	-0.086142578651837	0.0529512198276532	0.0156978660304345	-0.0142671459879642	-0.0285342919759285	0.0143948796937445	0.00285914038415331	0.0145066187038157
0.416666666666667	-0.0850185585695901	0.0503473095127782	0.0147541355610722	-0.0121245873174517	-0.0242491746349033	0.0146883522327013	0.00351410535261358	0.0138392432278764
0.5	-0.0839692647002621	0.0478495229100595	0.0138528763907137	-0.010092182156323	-0.020184364312646	0.0149622043914484	0.00414571969333959	0.0132511234710239
0.583333333333333	-0.0829922577899254	0.0454553679887684	0.01299304867508	-0.00816706126557195	-0.0163341225311439	0.0152167511336403	0.00475427211797982	0.012739879140029
0.666666666666667	-0.0820850985846528	0.043162352718176	0.0121736125698924	-0.00634635540619228	-0.0126927108123846	0.0154523074229315	0.00534005133818275	0.0123031299416624
0.75	-0.0812453478305166	0.0409679850675536	0.0113935282308721	-0.00462719533917768	-0.00925439067835537	0.0156691882229766	0.00590334606559686	0.0119384955826951
0.833333333333333	-0.0804705662735895	0.0388697730061726	0.0106517558137402	-0.0030067118255219	-0.0060134236510438	0.01586770849743	0.00644444501187063	0.011643595769898
0.916666666666667	-0.0797583146599439	0.036865224503304	0.0099472554742179	-0.00148203562621863	-0.00296407125243727	0.0160481832099464	0.00696363688865254	0.0114160502100417
1	-0.0791061537356525	0.0349518475282192	0.00927898736802637	-5.02975022616209e-05	-0.000100595004523242	0.0162109273241802	0.00746121040759108	0.0112534786098973
1.08333333333333	-0.0785116442467877	0.0331271500501893	0.00864591165088676	0.00129137178535542	0.00258274357071084	0.0163562558037859	0.00793745428033471	0.0111535006762356
1.16666666666667	-0.0779723469394221	0.0313886400384857	0.00804698847852026	0.00254584147563876	0.00509168295127753	0.0164844836124181	0.00839265721853193	0.0111137361158273
1.25	-0.0774858225596283	0.0297338254623795	0.00748117800664805	0.00371598080759469	0.00743196161518939	0.0165959257137314	0.00882710793383121	0.0111318046354434
1.33333333333333	-0.0770496318534788	0.0281602142911421	0.00694744039099128	0.00480465902022948	0.00960931804045895	0.0166908970713802	0.00924109513788104	0.0112053259418548
1.41666666666667	-0.0766613355670461	0.0266653144940446	0.00644473578727114	0.0058147453525494	0.0116294907050988	0.016769712649019	0.00963490754232989	0.0113319197418321
1.5	-0.0763184944464028	0.0252466340403583	0.00597202435120879	0.00674910904356073	0.0134982180871215	0.0168326874103024	0.0100088338588263	0.0115092057421464
1.58333333333333	-0.0760186692376215	0.0239016808993544	0.0055282662385254	0.00761061933226975	0.0152212386645395	0.0168801363188849	0.0103631627990186	0.0117348036495684
1.66666666666667	-0.0757594206867746	0.0226279630403042	0.00511242160494214	0.00840214545768274	0.0168042909153655	0.016912374338421	0.0106981830745554	0.0120063331708691
1.75	-0.0755383095399347	0.0214229884324789	0.0047234506061802	0.00912655665880598	0.018253113317612	0.0169297164325653	0.0110141833970852	0.0123214140128191
1.83333333333333	-0.0753528965431743	0.0202842650451497	0.00436031339796073	0.00978672217464573	0.0195734443492915	0.0169324775649722	0.0113114524782564	0.0126776658821895
1.91666666666667	-0.075200742442566	0.019209300847588	0.00402197013600491	0.0103855112442083	0.0207710224884166	0.0169209726992964	0.0115902790297175	0.013072708485751
2	-0.0750794079841824	0.0181956038090648	0.0037073809760339	0.0109257931064999	0.0218515862129998	0.0168955167991922	0.0118509517631169	0.0135041615302745
2.08333333333333	-0.0749864539140959	0.0172406818988516	0.0034155060737689	0.0114104370005269	0.0228208740010538	0.0168564248283143	0.0120937593901033	0.0139696447225309
2.16666666666667	-0.0749194409783792	0.0163420430862194	0.00314530558493105	0.0118423121652955	0.023684624330591	0.0168040117503172	0.012318990622325	0.0144667777692909
2.25	-0.0748759299231047	0.0154971953404396	0.00289573966524154	0.012224287839812	0.024448575679624	0.0167385925288554	0.0125269341714306	0.0149931803773255
2.33333333333333	-0.074853481494345	0.0147036466307834	0.00266576847042153	0.0125592332630827	0.0251184665261654	0.0166604821275834	0.0127178787490684	0.0155464722534055
2.41666666666667	-0.0748496564381727	0.013958904926522	0.0024543521561922	0.0128500176741139	0.0257000353482277	0.0165699955101558	0.012892113066887	0.0161242731043018
2.5	-0.0748620155006602	0.0132604781969267	0.00226045087827472	0.0130995103119118	0.0261990206238235	0.016467447640227	0.013049925836535	0.0167242026367851
2.58333333333333	-0.0748881194278802	0.0126058744112687	0.00208302479239026	0.0133105804154827	0.0266211608309653	0.0163531534814516	0.0131916057696606	0.0173438805576263
2.66666666666667	-0.0749255289659052	0.0119926015388193	0.00192103405425999	0.0134860972238329	0.0269721944476657	0.0162274279974841	0.0133174415779125	0.0179809265735964
2.75	-0.0749718048608076	0.0114181675488496	0.00177343881960507	0.0136289299759686	0.0272578599519372	0.0160905861519791	0.0134277219729392	0.0186329603914661
2.83333333333333	-0.0750245078586601	0.010880080410631	0.0016391992441467	0.0137419479108962	0.0274838958217925	0.015942942908591	0.013522735666389	0.0192976017180062
2.91666666666667	-0.0750811987055353	0.0103758480934346	0.00151727548360602	0.013828020267622	0.0276560405352439	0.0157848132309745	0.0136027713699105	0.0199724702599877
3	-0.0751394381475055	0.00990297856653177	0.00140662769370423	0.0138900162851521	0.0277800325703042	0.0156165120827839	0.0136681177951521	0.0206551857241814
3.08333333333333	-0.0751967869306435	0.00945897979919368	0.00130621603016248	0.0139308052024929	0.0278616104049858	0.0154383544276739	0.0137190636537624	0.0213433678173581
3.16666666666667	-0.0752508058010217	0.00904135976069158	0.00121500064870194	0.0139532562586507	0.0279065125173013	0.0152506552292989	0.0137558976573898	0.0220346362462887
3.25	-0.0752990555047127	0.00864762642029672	0.0011319417050438	0.0139602386926317	0.0279204773852633	0.0150537294513136	0.0137789085176828	0.0227266107177441
3.33333333333333	-0.0753390967877889	0.00827528774728033	0.00105599935490922	0.0139546217434422	0.0279092434868843	0.0148478920573723	0.0137883849462899	0.023416910938495
3.41666666666667	-0.075368490396323	0.00792185171091365	0.000986133754019365	0.0139392746500884	0.0278785493001769	0.0146334580111297	0.0137846156548596	0.0241031566153123
3.5	-0.0753847970763876	0.00758482628046793	0.000921305058095418	0.0139170666515768	0.0278341333031536	0.0144107422762402	0.0137678893550403	0.0247829674549669
3.58333333333333	-0.075385577574055	0.0072617194252144	0.000860473422858544	0.0138908669869135	0.0277817339738269	0.0141800598163584	0.0137384947584805	0.0254539631642297
3.66666666666667	-0.075368392635398	0.0069500391144243	0.000802599004029917	0.0138635448951048	0.0277270897902095	0.0139417255951389	0.0136967205768287	0.0261137634498714
3.75	-0.0753308030064889	0.00664729331736888	0.000746641957330706	0.013837969615157	0.0276759392303139	0.013696054576236	0.0136428555217334	0.0267599880186629
3.83333333333333	-0.0752703694334005	0.00635099000331938	0.000691562438482085	0.0138170103860763	0.0276340207721526	0.0134433617233045	0.013577188304843	0.0273902565773752
3.91666666666667	-0.0751846526622051	0.00605863714154703	0.000636320603205222	0.0138035364468691	0.0276070728937382	0.0131839619999987	0.0135000076378061	0.0280021888327789
4	-0.0750712134389754	0.00576774270132307	0.00057987660722129	0.0138004170365417	0.0276008340730833	0.0129181703699732	0.0134116022322712	0.028593404491645
4.08333333333333	-0.0749276125097839	0.00547581465191875	0.000521190606251462	0.0138105213941002	0.0276210427882004	0.0126463017968825	0.0133122607998866	0.0291615232607443
4.16666666666667	-0.0747514106207031	0.00518036096260531	0.000459222756016906	0.013836718758551	0.027673437517102	0.0123686712443812	0.0132022720523009	0.0297041648468477
4.25	-0.0745407464352024	0.00487936783945068	0.00039314562473177	0.0138812441366728	0.0277624882733456	0.0120855886431357	0.0130819369288726	0.0302194632623388
4.33333333333333	-0.0742960702863377	0.00457273443570961	0.000322981430582108	0.0139437956063341	0.0278875912126682	0.0117973437918598	0.0129516052798	0.0307076097420521
4.41666666666667	-0.074018410424562	0.00426083814143353	0.000248964804246947	0.0140234370131758	0.0280468740263516	0.0115042214562795	0.0128116391829915	0.0311693098264348
4.5	-0.0737087951003282	0.00394405634667389	0.000171330376405314	0.0141192322028388	0.0282384644056777	0.0112065064021204	0.0126624007163554	0.0316052690559344
4.58333333333333	-0.0733682525640891	0.00362276644148212	9.031277773624e-05	0.0142302450209642	0.0284604900419284	0.0109044833951084	0.0125042519578001	0.032016192970998
4.66666666666667	-0.0729978110662976	0.00329734581590967	6.14663891875115e-06	0.0143555393131927	0.0287110786263855	0.0105984372009694	0.0123375549852341	0.0324027871120729
4.75	-0.0725984988574064	0.00296817186000797	-8.0933409368125e-05	0.0144941789251654	0.0289883578503309	0.010288652585429	0.0121626718765655	0.0327657570196066
4.83333333333333	-0.0721713441878685	0.00263562196382847	-0.000170692736445359	0.0146452277025232	0.0292904554050464	0.00997541431421321	0.0119799647097029	0.0331058082340461
4.91666666666667	-0.0717173753081367	0.00230007351742259	-0.000262896711633922	0.014807749490907	0.029615498981814	0.0096590071530477	0.0117897955625545	0.0334236462958388
5	-0.0712376204686639	0.00196190391084179	-0.000357310704254788	0.0149808081359577	0.0299616162719154	0.00933971586765833	0.0115925265130287	0.0337199767454321
5.08333333333333	-0.0707331079199029	0.00162149053413751	-0.000453700083628928	0.0151634674833163	0.0303269349666326	0.00901782522377089	0.0113885196390339	0.0339955051232732
5.16666666666667	-0.0702048659123065	0.00127921077736117	-0.000551830219077312	0.0153547913786237	0.0307095827572474	0.00869361998711119	0.0111781370184784	0.0342509369698093
5.25	-0.0696539226963277	0.00093544203056423	-0.000651466479920915	0.0155538436675208	0.0311076873350417	0.00836738492340504	0.0109617407292707	0.0344869778254878
5.33333333333333	-0.0690813065224193	0.000590561683798119	-0.000752374235480706	0.0157596881956486	0.0315193763912973	0.00803940479837825	0.010739692849319	0.034704333230756
5.41666666666667	-0.0684880456410341	0.000244947127114278	-0.000854318855077659	0.015971388808648	0.0319427776172961	0.0077099643777566	0.0105123554565317	0.0349037087260611
5.5	-0.067875168302625	-0.000101024249435853	-0.000957065708032745	0.01618800935216	0.0323760187043199	0.00737934842726593	0.0102800906288172	0.0350858098518505
5.58333333333333	-0.0672437027576448	-0.000446975055800833	-0.00106038016366693	0.0164086136718254	0.0328172273436507	0.00704784171263202	0.0100432604440838	0.0352513421485713
5.66666666666667	-0.0665946772565464	-0.000792527901929222	-0.0011640275913012	0.0166322656132851	0.0332645312265703	0.00671572899958069	0.00980222698024	0.035401011156671
5.75	-0.0659291200497827	-0.00113730539776958	-0.00126777336025652	0.0168580290221803	0.0337160580443605	0.00638329505383774	0.00955735231519403	0.0355355224165968
5.83333333333333	-0.0652480593878065	-0.00148093015327047	-0.00137138283985385	0.0170849677441516	0.0341699354883033	0.00605082464112898	0.00930899852685428	0.0356555814687959
5.91666666666667	-0.0645525235210706	-0.00182302477838045	-0.00147462139941418	0.0173121456248402	0.0346242912496804	0.00571860252718021	0.00905752769312913	0.0357618938537157
6	-0.063843540700028	-0.00216321188304809	-0.00157725440825847	0.0175386265098869	0.0350772530197737	0.00538691347771723	0.00880330189192693	0.0358551651118035
6.08333333333333	-0.0631221391751314	-0.00250111407722193	-0.0016790472357077	0.0177634742449326	0.0355269484898652	0.00505604225846586	0.00854668320115604	0.0359361007835066
6.16666666666667	-0.0623893471968338	-0.00283635397085055	-0.00177976525108283	0.0179857526756183	0.0359715053512366	0.0047262736351519	0.00828803369872482	0.0360054064092721
6.25	-0.0616461930155879	-0.0031685541738825	-0.00187917382370485	0.0182045256475849	0.0364090512951699	0.00439789237350115	0.00802771546254164	0.0360637875295475
6.33333333333333	-0.0608937048818466	-0.00349733729626634	-0.00197703832289471	0.0184188570064734	0.0368377140129468	0.00407118323923942	0.00776609057051486	0.03611194968478
6.41666666666667	-0.0601329110460628	-0.00382232594795064	-0.0020731241179734	0.0186278105979247	0.0372556211958493	0.00374643099809252	0.00750352110055283	0.0361505984154169
6.5	-0.0593648397586894	-0.00414314273888395	-0.00216719657826189	0.0188304502675796	0.0376609005351592	0.00342392041578624	0.00724036913056392	0.0361804392619054
6.58333333333333	-0.0585905192701791	-0.00445941027901483	-0.00225902107308114	0.0190258398610792	0.0380516797221585	0.00310393625804641	0.00697699673845649	0.036202177764693
6.66666666666667	-0.0578109778309849	-0.00477075117829185	-0.00234836297175213	0.0192130432240644	0.0384260864481288	0.00278676329059882	0.0067137660021389	0.0362165194642268
6.75	-0.0570272436915596	-0.00507678804666357	-0.00243498764359583	0.0193911242021761	0.0387822484043522	0.00247268627916927	0.00645103899951951	0.0362241699009541
6.83333333333333	-0.0562403451023561	-0.00537714349407853	-0.00251866045793321	0.0195591466410552	0.0391182932821104	0.00216198998948359	0.00618917780850669	0.0362258346153223
6.91666666666667	-0.0554513103138271	-0.00567144013048532	-0.00259914678408525	0.0197161743863427	0.0394323487726854	0.00185495918726756	0.00592854450700879	0.0362222191477786
7	-0.0546611675764256	-0.00595930056583248	-0.00267621199137291	0.0198612712836795	0.039722542567359	0.00155187863824699	0.00566950117293418	0.0362140290387703
7.08333333333333	-0.0538709451406044	-0.00624034741006857	-0.00274962144911717	0.0199935011787065	0.0399870023574131	0.00125303310814769	0.00541240988419121	0.0362019698287447
7.16666666666667	-0.0530816712568164	-0.00651420327314216	-0.002819140526639	0.0201119279170647	0.0402238558341295	0.000958707362695482	0.00515763271868825	0.0361867470581491
7.25	-0.0522943741755144	-0.00678049076500181	-0.00288453459325937	0.020215615344395	0.0404312306887901	0.000669186167616143	0.00490553175433366	0.0361690662674308
7.33333333333333	-0.0515100821471513	-0.00703883249559608	-0.00294556901829925	0.0203036273063384	0.0406072546126767	0.000384754288635495	0.0046564690690358	0.036149632997037
7.41666666666667	-0.0507298234221799	-0.00728885107487352	-0.00300200917107962	0.0203750276485356	0.0407500552970713	0.000105696491479342	0.00441080674070303	0.0361291527874151
7.5	-0.0499546262510531	-0.0075301691127827	-0.00305362042092145	0.0204288802166278	0.0408577604332556	-0.000167702458126517	0.00416890684724371	0.0361083311790123
7.58333333333333	-0.0491855188842238	-0.00776240921927218	-0.00310016813714571	0.0204642488562558	0.0409284977125116	-0.000435157794456268	0.00393113146656621	0.0360878737122759
7.66666666666667	-0.0484235295721447	-0.00798519400429052	-0.00314141768907336	0.0204801974130605	0.0409603948261211	-0.000696384751784108	0.00369784267657889	0.0360684859276533
7.75	-0.0476696865652687	-0.00819814607778628	-0.00317713444602539	0.020475789732683	0.0409515794653659	-0.000951098564384234	0.00346940255519009	0.0360508733655916
7.83333333333333	-0.0469250181140488	-0.00840088804970801	-0.00320708377732277	0.020450089660764	0.0409001793215281	-0.00119901446653084	0.0032461731803082	0.0360357415665382
7.91666666666667	-0.0461905524689377	-0.00859304253000429	-0.00323103105228646	0.0204021610429446	0.0408043220858893	-0.00143984769249811	0.00302851662984156	0.0360237960709404
8	-0.0454673178803884	-0.00877423212862367	-0.00324874164023743	0.0203310677248657	0.0406621354497314	-0.00167331347656026	0.00281679498169855	0.0360157424192455
8.08333333333333	-0.0447563425988535	-0.0089440794555147	-0.00325998091049667	0.0202358735521682	0.0404717471043364	-0.00189912705299146	0.00261137031378751	0.0360122861519007
8.16666666666667	-0.0440586548747861	-0.00910220712062596	-0.00326451423238514	0.0201156423704931	0.0402312847409861	-0.00211700365606592	0.00241260470401682	0.0360141328093533
8.25	-0.043375282958639	-0.009248237733906	-0.00326210697522382	0.0199694380254812	0.0399388760509623	-0.00232665852005784	0.00222086023029483	0.0360219879320507
8.33333333333333	-0.042707255100865	-0.00938179390530338	-0.00325252450833367	0.0197963243627735	0.039592648725547	-0.00252780687924139	0.0020364989705299	0.03603655706044
8.41666666666667	-0.0420553864221709	-0.00950261643765378	-0.0032356197709132	0.0195957073313978	0.0391914146627955	-0.00272025028229783	0.00185977877523183	0.0360583868064061
8.5	-0.0414196395242793	-0.00961091890534136	-0.00321159598167106	0.0193683612939289	0.0387367225878577	-0.00290413553553658	0.00169054058531614	0.0360873880675833
8.58333333333333	-0.0407997638791666	-0.00970703307563738	-0.00318074392919345	0.0191154027163285	0.0382308054326571	-0.0030796957596741	0.00152852111429977	0.0361233128130433
8.66666666666667	-0.0401955089588094	-0.00979129071581313	-0.00314335440206656	0.0188379480645584	0.0376758961291169	-0.00324716407542686	0.00137345707569968	0.0361659130118579
8.75	-0.0396066242351842	-0.00986402359313989	-0.00309971818887656	0.0185371138045803	0.0370742276091607	-0.00340677360351133	0.00122508518303282	0.0362149406330989
8.83333333333333	-0.0390328591802675	-0.00992556347488892	-0.00305012607820965	0.0182140164023559	0.0364280328047118	-0.00355875746464397	0.00108314214981614	0.036270147645838
8.91666666666667	-0.0384739632660357	-0.0099762421283315	-0.00299486885865202	0.0178697723238468	0.0357395446476936	-0.00370334877954126	0.000947364689566582	0.036331286019147
9	-0.0379296859644653	-0.0100163913207389	-0.00293423731878985	0.0175054980350148	0.0350109960700296	-0.00384078066891965	0.000817489515801106	0.0363981077220978
9.08333333333333	-0.0373997767475329	-0.0100463428193824	-0.00286852224720934	0.0171223100018216	0.0342446200036432	-0.00397128625349562	0.000693253342036663	0.036470364723762
9.16666666666667	-0.0368839850872149	-0.0100664283915333	-0.00279801443249666	0.0167213246902289	0.0334426493804578	-0.00409509865398563	0.0005743928817902	0.0365478089932114
9.25	-0.0363820604554879	-0.0100769798044628	-0.00272300466323802	0.0163036585661984	0.0326073171323968	-0.00421245099110615	0.000460644848578666	0.0366301924995178
9.33333333333333	-0.0358937523243283	-0.0100783288254422	-0.00264378372801959	0.0158704280956918	0.0317408561913835	-0.00432357638557364	0.000351745955919018	0.036717267211753
9.41666666666667	-0.0354188101657127	-0.0100708072217429	-0.00256064241542757	0.0154227497446708	0.0308454994893415	-0.00442870795810458	0.0002474329173282	0.0368087850989887
9.5	-0.0349569834516175	-0.010054746760636	-0.00247387151404814	0.0149617399790971	0.0299234799581941	-0.00452807882941544	0.000147442446323165	0.0369044981302968
9.58333333333333	-0.0345080216540192	-0.0100304792093928	-0.00238376181246749	0.0144885152649324	0.0289770305298648	-0.00462192212022266	5.1511256420866e-05	0.0370041582747489
9.66666666666667	-0.0340716742448943	-0.00999833633528471	-0.00229060409927182	0.0140041920681385	0.0280083841362769	-0.00471047095124274	-4.06239388617507e-05	0.0371075175014169
9.75	-0.0336476906962194	-0.00995864990558289	-0.0021946891630473	0.0135098868546769	0.0270197737093539	-0.00479395844319212	-0.000129226426007732	0.0372143277793725
9.83333333333333	-0.0332358204799708	-0.00991175168755863	-0.00209630779238013	0.0130067160905096	0.0260134321810191	-0.00487261771678729	-0.000214559491500126	0.0373243410776875
9.91666666666667	-0.0328358130681252	-0.00985797344848321	-0.00199575077585649	0.012495796241598	0.024991592483196	-0.0049466818927447	-0.000296886421821986	0.0374373093654336
10	-0.032447417932659	-0.00979764695562791	-0.00189330890206258	0.011978243773904	0.0239564875478081	-0.00501638409178082	-0.000376470503456358	0.0375529846116827
10.0833333333333	-0.0320703845455488	-0.00973110397626401	-0.00178927295958457	0.0114551751533893	0.0229103503067786	-0.00508195743461212	-0.000453575022886293	0.0376711187855064
10.1666666666667	-0.0317044623787709	-0.00965867627766277	-0.00168393373700867	0.0109277068460155	0.0218554136920311	-0.00514363504195508	-0.00052846326659484	0.0377914638559767
10.25	-0.0313494009043019	-0.00958069562709548	-0.00157758202292105	0.0103969553177444	0.0207939106354889	-0.00520165003452614	-0.000601398521065049	0.0379137717921652
10.3333333333333	-0.0310049495941183	-0.0094974937918334	-0.00147050860590791	0.00986403703453771	0.0197280740690754	-0.00525623553304179	-0.000672644072779967	0.0380377945631436
10.4166666666667	-0.0306708579201966	-0.00940940253914781	-0.00136300427455543	0.00933006846235705	0.0186601369247141	-0.00530762465821848	-0.000742463208222646	0.0381632841379839
10.5	-0.0303468753545133	-0.00931675363630999	-0.00125535981744981	0.00879616606716418	0.0175923321343284	-0.00535605053077269	-0.000811119213876136	0.0382899924857577
10.5833333333333	-0.0300327513690449	-0.00921987885059122	-0.00114786602317722	0.0082634463149208	0.0165268926298416	-0.00540174627142088	-0.000878875376223483	0.0384176715755369
10.6666666666667	-0.0297282354357678	-0.00911910994926275	-0.00104081368032387	0.00773302567158861	0.0154660513431772	-0.00544494500087952	-0.00094599498174774	0.0385460733763931
10.75	-0.0294330770266587	-0.00901477869959587	-0.000934493577475925	0.00720602060312932	0.0144120412062586	-0.00548587983986508	-0.00101274131693195	0.0386749498573982
10.8333333333333	-0.0291470256136939	-0.00890721686886187	-0.000829196503219591	0.00668354757550465	0.0133670951510093	-0.00552478390909402	-0.00107937766825917	0.0388040529876239
10.9166666666667	-0.02886983066885	-0.00879675622433199	-0.000725213246141046	0.00616672305467627	0.0123334461093525	-0.00556189032928282	-0.00114616732221245	0.0389331347361421
11	-0.0286012416641035	-0.00868372853327753	-0.000622834594826484	0.00565666350660592	0.0113133270132118	-0.00559743222114793	-0.00121337356527484	0.0390619470720243
11.0833333333333	-0.0283410080714308	-0.00856846556296976	-0.000522351337862092	0.0051544853972553	0.0103089707945106	-0.00563164270540582	-0.00128125968392938	0.0391902419643426
11.1666666666667	-0.0280888793628085	-0.00845129908067995	-0.000424054263834056	0.00466130519258609	0.00932261038517218	-0.00566475490277297	-0.00135008896465912	0.0393177713821685
11.25	-0.0278446050102131	-0.00833256085367938	-0.000328234161328566	0.00417823935856003	0.00835647871712005	-0.00569700193396583	-0.00142012469394712	0.039444287294574
11.3333333333333	-0.027607934485621	-0.00821258264923932	-0.000235181818931811	0.00370640436113881	0.00741280872227761	-0.00572861691970088	-0.00149163015827642	0.0395695416706306
11.4166666666667	-0.0273786172610088	-0.00809169623463105	-0.000145188025229976	0.00324691666628412	0.00649383333256825	-0.00575983298069458	-0.00156486864413008	0.0396932864794103
11.5	-0.0271564028083529	-0.00797023337712584	-5.8543568809252e-05	0.0028008927399577	0.0056017854799154	-0.00579088323766341	-0.00164010343799114	0.0398152736899848
11.5833333333333	-0.0269410405996298	-0.00784852584399496	2.44607617441727e-05	0.00236944904812123	0.00473889809624246	-0.00582200081132382	-0.00171759782634264	0.0399352552714258
11.6666666666667	-0.0267322801068161	-0.00772690540250969	0.000103534177844113	0.00195370205673642	0.00390740411347284	-0.00585341882239228	-0.00179761509566766	0.0400529831928052
11.75	-0.0265298708018883	-0.0076057038199413	0.000178385890904378	0.00155476823176498	0.00310953646352996	-0.00588537039158527	-0.00188041853244922	0.0401682094231947
11.8333333333333	-0.0263335621568228	-0.00748525286356108	0.000248725112338777	0.00117376403916863	0.00234752807833725	-0.00591808863961924	-0.00196627142317038	0.0402806859316661
11.9166666666667	-0.0261431036435961	-0.00736588430064029	0.000314261053561128	0.000811805944909042	0.00162361188981808	-0.00595180668721067	-0.00205543705431419	0.0403901646872911
12	-0.0259582447341847	-0.0072479298984502	0.00037470292598524	0.000470010414947942	0.000940020829895885	-0.00598675765507602	-0.0021481787123637	0.0404963976591415
12.0833333333333	-0.0257787349005652	-0.00713172142426211	0.000429759941024922	0.000149493915247045	0.000298987830494089	-0.00602317466393176	-0.00224475968380196	0.040599136816289
12.1666666666667	-0.025604323614714	-0.00701759064534726	0.000479141310093991	-0.000148627088231963	-0.000297254176463926	-0.00606129083449436	-0.00234544325511201	0.0406981341278056
12.25	-0.0254347603486076	-0.00690586932897695	0.000522556244606255	-0.000423236129527368	-0.000846472259054737	-0.00610133928748028	-0.00245049271277692	0.0407931415627628
12.3333333333333	-0.0252697945742225	-0.00679688924242244	0.000559713955975527	-0.000673216742677461	-0.00134643348535492	-0.00614355314360599	-0.00256017134327972	0.0408839110902326
12.4166666666667	-0.0251091757635352	-0.00669098215295502	0.000590323655615619	-0.000897452461720544	-0.00179490492344109	-0.00618816552358796	-0.00267474243310346	0.0409701946792866
12.5	-0.0249526533885223	-0.00658847982784595	0.000614094554940343	-0.0010948268206949	-0.0021896536413898	-0.00623540954814265	-0.0027944692687312	0.0410517442989966
12.5833333333333	-0.0248000222639384	-0.00648963549009687	0.000630838959743253	-0.00126455131482386	-0.00252910262964773	-0.00628543087964702	-0.00291950644518177	0.0411283074339447
12.6666666666667	-0.0246512585756517	-0.0063943881856309	0.000640781553336889	-0.00140714928407089	-0.00281429856814178	-0.00633802534712001	-0.00304957379161711	0.0411996136307537
12.75	-0.0245063838523084	-0.00630259841610149	0.000644250113413527	-0.00152347202958445	-0.00304694405916891	-0.00639290132124102	-0.00318428244573497	0.0412653879515568
12.8333333333333	-0.0243654196225548	-0.00621412668316212	0.000641572417665449	-0.00161437085251305	-0.0032287417050261	-0.00644976717268947	-0.00332324354523308	0.041325355458487
12.9166666666667	-0.0242283874150372	-0.00612883348846625	0.000633076243784937	-0.00168069705400517	-0.00336139410801033	-0.00650833127214478	-0.00346606822780917	0.0413792412136776
13	-0.0240953087584019	-0.00604657933366736	0.000619089369464265	-0.00172330193520927	-0.00344660387041854	-0.00656830199028637	-0.00361236763116097	0.0414267702792616
13.0833333333333	-0.0239662051812953	-0.0059672247204189	0.000599939572395719	-0.00174303679727386	-0.00348607359454773	-0.00662938769779365	-0.00376175289298622	0.0414676677173723
13.1666666666667	-0.0238410982123637	-0.00589063015037436	0.000575954630271576	-0.00174075294134743	-0.00348150588269485	-0.00669129676534604	-0.00391383515098266	0.0415016585901426
13.25	-0.0237200093802532	-0.0058166561251872	0.000547462320784117	-0.00171730166857844	-0.00343460333715688	-0.00675373756362295	-0.00406822554284802	0.0415284679597057
13.3333333333333	-0.0236029602136104	-0.00574516314651089	0.000514790421625623	-0.00167353428011539	-0.00334706856023078	-0.00681641846330381	-0.00422453520628003	0.0415478208881949
13.4166666666667	-0.0234899722410814	-0.00567601171599889	0.000478266710488371	-0.00161030207710677	-0.00322060415421354	-0.00687904783506804	-0.00438237527897643	0.0415594424377431
13.5	-0.0233810669913125	-0.00560906233530467	0.000438218965064644	-0.00152845636070105	-0.0030569127214021	-0.00694133404959504	-0.00454135689863494	0.0415630576704836
13.5833333333333	-0.0232762659929501	-0.00554417550608171	0.000394974963046721	-0.00142884843204673	-0.00285769686409346	-0.00700298547756423	-0.00470109120295332	0.0415583916485494
13.6666666666667	-0.0231755907746405	-0.00548121172998348	0.000348862482126882	-0.00131232959229229	-0.00262465918458457	-0.00706371048965504	-0.00486118932962928	0.0415451694340737
13.75	-0.02307906286503	-0.00542003150866343	0.000300209299997407	-0.0011797511425862	-0.00235950228517241	-0.00712321745654687	-0.00502126241636057	0.0415231160891897
13.8333333333333	-0.0229867037927648	-0.00536049534377505	0.000249343194350578	-0.00103196438407698	-0.00206392876815395	-0.00718121474891915	-0.00518092160084492	0.0414919566760304
13.9166666666667	-0.0228985350864914	-0.00530246373697179	0.000196591942878672	-0.000869820617913077	-0.00173964123582615	-0.00723741073745129	-0.00533977802078006	0.0414514162567289
14	-0.0228145782748559	-0.00524579718990713	0.000142283323273969	-0.000694171145242993	-0.00138834229048599	-0.00729151379282272	-0.00549744281386372	0.0414012198934185
14.0833333333333	-0.0227348548865048	-0.00519035620423453	8.67451132287529e-05	-0.000505867267215216	-0.00101173453443043	-0.00734323228571283	-0.00565352711779365	0.0413410926482322
14.1666666666667	-0.0226593864500842	-0.00513600128160747	3.03050904352996e-05	-0.000305760284978224	-0.000611520569956449	-0.00739227458680106	-0.00580764207026757	0.0412707595833032
14.25	-0.0225881944942406	-0.00508259292367942	-2.67089674141084e-05	-9.47014996805065e-05	-0.000189402999361013	-0.00743834906676683	-0.00595939880898323	0.0411899457607646
14.3333333333333	-0.0225213005476201	-0.00502999163210383	-8.39692826271919e-05	0.000126457787529451	0.000252915575058903	-0.00748116409628953	-0.00610840847163834	0.0410983762427496
14.4166666666667	-0.0224587261388692	-0.00497805790853419	-0.000141148077511671	0.000356866275503169	0.000713732551006338	-0.00752042804604861	-0.00625428219593066	0.0409957760913912
14.5	-0.0224004927966341	-0.00492665225462395	-0.000197917574375266	0.000595672663092161	0.00119134532618432	-0.00755584928672346	-0.00639663111955791	0.0408818703688225
14.5833333333333	-0.0223466220495612	-0.00487563517202659	-0.000253949995525695	0.000842025649147934	0.00168405129829587	-0.00758713618899351	-0.00653506638021782	0.0407563841371768
14.6666666666667	-0.0222971354262966	-0.00482486716239558	-0.000308917563270679	0.00109507393252201	0.00219014786504403	-0.00761399712353817	-0.00666919911560814	0.0406190424585872
14.75	-0.0222520544554869	-0.00477420872738439	-0.00036249249991794	0.00135396621206591	0.00270793242413182	-0.00763614046103687	-0.00679864046342659	0.0404695703951867
14.8333333333333	-0.0222114006657781	-0.00472352036864647	-0.000414347027775194	0.00161785118663114	0.00323570237326227	-0.00765327457216902	-0.00692300156137091	0.0403076930091086
14.9166666666667	-0.0221751955858167	-0.00467266258783531	-0.000464153369150165	0.00188587755506921	0.00377175511013843	-0.00766510782761403	-0.00704189354713883	0.0401331353624859
15	-0.022143460744249	-0.00462149588660437	-0.00051158374635057	0.00215719401623165	0.00431438803246331	-0.00767134859805132	-0.00715492755842809	0.0399456225174517
15.0833333333333	-0.0221162176697213	-0.00456988076660713	-0.000556310381684129	0.00243094926896997	0.00486189853793993	-0.00767170525416031	-0.00726171473293643	0.0397448795361393
15.1666666666667	-0.0220934878908798	-0.00451767772949703	-0.000598005497458564	0.00270629201213568	0.00541258402427136	-0.00766588616662042	-0.00736186620836157	0.0395306314806817
15.25	-0.0220752929363709	-0.00446474727692757	-0.000636341315981594	0.0029823709445803	0.00596474188916059	-0.00765359970611106	-0.00745499312240125	0.039302603413212
15.3333333333333	-0.0220616543348408	-0.0044109499105522	-0.000670990059560937	0.00325833476515533	0.00651666953031066	-0.00763455424331166	-0.00754070661275321	0.0390605203958635
15.4166666666667	-0.0220525936149359	-0.0043561461320244	-0.000701623950504317	0.00353333217271231	0.00706666434542462	-0.00760845814890162	-0.00761861781711517	0.0388041074907691
15.5	-0.0220481323053026	-0.00430019644299762	-0.00072791521111945	0.00380651186610274	0.00761302373220548	-0.00757501979356036	-0.00768833787318488	0.0385330897600621
15.5833333333333	-0.022048291934587	-0.00424296134512536	-0.000749536063714058	0.00407702254417814	0.00815404508835627	-0.0075339475479673	-0.00774947791866007	0.0382471922658756
15.6666666666667	-0.0220530940314355	-0.00418430134006106	-0.000766158730595861	0.00434401290579002	0.00868802581158003	-0.00748494978280186	-0.00780164909123846	0.0379461400703427
15.75	-0.0220625601244944	-0.00412407692945819	-0.000777455434072578	0.0046066316497899	0.0092132632995798	-0.00742773486874346	-0.00784446252861781	0.0376296582355966
15.8333333333333	-0.0220767117424101	-0.00406214861497024	-0.00078309839645193	0.00486402747502929	0.00972805495005857	-0.00736201117647151	-0.00787752936849584	0.0372974718237703
15.9166666666667	-0.0220955704138287	-0.00399837689825067	-0.000782759840041635	0.00511534908035971	0.0102306981607194	-0.00728748707666542	-0.00790046074857028	0.036949305896997
16	-0.0221191576673967	-0.00393262228095293	-0.000776111987149416	0.00535974516463267	0.0107194903292653	-0.00720387094000463	-0.00791286780653887	0.0365848855174099
16.0833333333333	-0.0221474950317603	-0.00386474526473052	-0.00076282706008299	0.00559636442669969	0.0111927288533994	-0.00711087113716853	-0.00791436168009934	0.036203935747142
16.1666666666667	-0.0221806040355658	-0.00379460635123688	-0.000742577281150079	0.00582435556541228	0.0116487111308246	-0.00700819603883656	-0.00790455350694943	0.0358061816483265
16.25	-0.0222185062074596	-0.00372206604212549	-0.000715034872658401	0.00604286727962197	0.0120857345592439	-0.00689555401568811	-0.00788305442478687	0.0353913482830965
16.3333333333333	-0.0222612230760879	-0.00364698483904983	-0.000679872056915679	0.00625104826818025	0.0125020965363605	-0.00677265343840263	-0.0078494755713094	0.0349591607135852
16.4166666666667	-0.022308776170097	-0.00356922324366335	-0.00063676105622963	0.00644804722993865	0.0128960944598773	-0.00663920267765952	-0.00780342808421474	0.0345093440019256
16.5	-0.0223611870181334	-0.00348864175761953	-0.000585374092907974	0.0066330128637487	0.0132660257274974	-0.00649491010413818	-0.00774452310120064	0.034041623210251
16.5833333333333	-0.0224184771488431	-0.00340510088257183	-0.000525383389258433	0.00680509386846188	0.0136101877369238	-0.00633948408851806	-0.00767237175996484	0.0335557234006944
16.6666666666667	-0.0224806680908726	-0.00331846112017374	-0.000456461167588727	0.00696343894292973	0.0139268778858595	-0.00617263300147856	-0.00758658519820505	0.033051369635389
16.75	-0.0225476441326151	-0.00322866226850922	-0.000378440148519449	0.00710740889539565	0.0142148177907913	-0.00599425171090311	-0.00748697673060065	0.0325285660957518
16.8333333333333	-0.022618740601451	-0.00313596131138438	-0.000291795045922716	0.00723721297167061	0.0144744259433412	-0.00580498107349123	-0.00737416837975747	0.0319884334403362
16.9166666666667	-0.0226931555845078	-0.00304069452903581	-0.000197161071983509	0.00735327252695748	0.014706545053915	-0.00560564844314646	-0.00724898434526301	0.0314323714469791
17	-0.0227700871689129	-0.00294319820170013	-9.51734388868138e-05	0.00745600891645911	0.0149120178329182	-0.00539708117377231	-0.00711224882670473	0.0308617798935178
17.0833333333333	-0.0228487334417937	-0.00284380860961395	1.3532641182376e-05	0.00754584349537838	0.0150916869907568	-0.00518010661927233	-0.00696478602367011	0.0302780585577893
17.1666666666667	-0.0229282924902776	-0.00274286203301388	0.000128321956039077	0.00762319761891814	0.0152463952378363	-0.00495555213355005	-0.00680742013574662	0.0296826072176309
17.25	-0.0230079624014921	-0.00264069475213651	0.000248559293498308	0.00768849264228125	0.0153769852845625	-0.00472424507050898	-0.00664097536252174	0.0290768256508797
17.3333333333333	-0.0230869412625644	-0.00253764304721847	0.000373609441375072	0.00774214992067059	0.0154842998413412	-0.00448701278405269	-0.00646627590358294	0.0284621136353729
17.4166666666667	-0.0231644271606222	-0.00243404319849636	0.000502837187484386	0.00778459080928902	0.015569181618578	-0.00424468262808468	-0.00628414595851771	0.0278398709489475
17.5	-0.0232396181827926	-0.00233023148620677	0.00063560731964127	0.00781623666333939	0.0156324733266788	-0.00399808195650848	-0.0060954097269135	0.0272114973694407
17.5833333333333	-0.0233117124162033	-0.00222654419058634	0.000771284625660724	0.00783750883802457	0.0156750176760491	-0.00374803812322766	-0.00590089140835782	0.0265783926746898
17.6666666666667	-0.0233799079479815	-0.00212331759187166	0.00090923389335777	0.00784882868854742	0.0156976573770948	-0.00349537848214571	-0.00570141520243812	0.0259419566425318
17.75	-0.0234434028652547	-0.00202088797029935	0.00104881991054742	0.00785061757011081	0.0157012351402216	-0.00324093038716617	-0.00549780530874187	0.0253035890508038
17.8333333333333	-0.0235013952551503	-0.001919591606106	0.00118940746504469	0.0078432968379176	0.0156865936758352	-0.00298552119219259	-0.00529088592685656	0.0246646896773431
17.9166666666667	-0.0235530832047956	-0.00181976477952823	0.00133036134466458	0.00782728784717066	0.0156545756943413	-0.00272997825112849	-0.00508148125636967	0.0240266582999868
18	-0.0235976648013182	-0.00172174377080265	0.00147104633722212	0.00780301195307284	0.0156060239061457	-0.00247512891787738	-0.00487041549686866	0.023390894696572
18.0833333333333	-0.0236343381318454	-0.00162586486016587	0.00161082723053232	0.007770890510827	0.015541781021654	-0.00222180054634284	-0.00465851284794102	0.0227587986449359
18.1666666666667	-0.0236623012835047	-0.00153246432785448	0.00174906881241017	0.00773134487563603	0.0154626897512721	-0.00197082049042836	-0.00444659750917421	0.0221317699229156
18.25	-0.0236807523434234	-0.00144187845410511	0.00188513587067072	0.00768479640270276	0.0153695928054055	-0.00172301610403748	-0.00423549368015571	0.0215112083083482
18.3333333333333	-0.0236888893987289	-0.00135444351915436	0.00201839319312896	0.00763166644723008	0.0152633328944602	-0.00147921474107375	-0.00402602556047301	0.020898513579071
18.4166666666667	-0.0236859105365487	-0.00127049580323884	0.0021482055675999	0.00757237636442084	0.0151447527288417	-0.00124024375544069	-0.00381901734971357	0.0202950855129211
18.5	-0.0236710138440102	-0.00119037158659515	0.00227393778189857	0.00750734750947791	0.0150146950189558	-0.00100693050104182	-0.00361529324746487	0.0197023238877355
18.5833333333333	-0.0236433974082407	-0.00111440714945991	0.00239495462383997	0.00743700123760415	0.0148740024752083	-0.000780102331780684	-0.00341567745331438	0.0191216284813515
18.6666666666667	-0.0236022593163677	-0.00104293877206972	0.00251062088123912	0.00736175890400241	0.0147235178080048	-0.000560586601560814	-0.00322099416684958	0.0185543990716063
18.75	-0.0235467976555186	-0.000976302734661188	0.00262030134191103	0.00728204186387557	0.0145640837277511	-0.000349210664285734	-0.00303206758765795	0.0180020354363369
18.8333333333333	-0.0234762105128208	-0.000914835317470929	0.00272336079367071	0.00719827147242649	0.014396542944853	-0.000146801873858986	-0.00284972191532696	0.0174659373533805
18.9166666666667	-0.0233896959754018	-0.000858872800735548	0.00281916402433317	0.00711086908485803	0.0142217381697161	4.58124158159035e-05	-0.00267478134944408	0.0169475046005743
19	-0.0232864521303888	-0.000808751464691652	0.00290707582171344	0.00702025605637305	0.0140405121127461	0.00022780485083541	-0.00250807008959679	0.0164481369557554
19.0833333333333	-0.0231656770649094	-0.000764807589575851	0.00298646097362652	0.00692685374217443	0.0138537074843489	0.000398348077295988	-0.00235041233537257	0.0159692341967609
19.1666666666667	-0.023026568866091	-0.000727377455624753	0.00305668426788742	0.00683108349746502	0.01366216699493	0.000556614741294114	-0.0022026322863589	0.0155121961014281
19.25	-0.0228683256210609	-0.000696797343074964	0.00311711049231116	0.00673336667744767	0.0134667333548953	0.000701777488926261	-0.00206555414214323	0.015078422447594
19.3333333333333	-0.0226901454169465	-0.000673403532163095	0.00316710443471275	0.00663412463732527	0.0132682492746505	0.000833008966288888	-0.00194000210231307	0.0146693130130958
19.4166666666667	-0.0224912263408754	-0.000657532303125753	0.00320603088290721	0.00653377873230067	0.0130675574646013	0.000949481819478467	-0.00182680036645587	0.0142862675757706
19.5	-0.0222707664799748	-0.000649519936199547	0.00323325462470955	0.00643275031757672	0.0128655006351534	0.00105036869459147	-0.00172677313415911	0.0139306859134557
19.5833333333333	-0.0220279639213722	-0.000649702711621084	0.00324814044793477	0.00633146074835631	0.0126629214967126	0.00113484223772436	-0.00164074460501027	0.0136039678039881
19.6666666666667	-0.021762016752195	-0.000658416909626974	0.0032500531403979	0.00623033137984229	0.0124606627596846	0.00120207509497361	-0.00156953897859683	0.013307513025205
19.75	-0.0214721230595706	-0.000675998810453824	0.00323835748991395	0.00612978356723752	0.012259567134475	0.00125123991243569	-0.00151398045450625	0.0130427213549435
19.8333333333333	-0.0211574809306264	-0.000702784694338242	0.00321241828429793	0.00603023866574487	0.0120604773314897	0.00128150933620706	-0.00147489323232601	0.0128109925710408
19.9166666666667	-0.0208172884524899	-0.000739110841516836	0.00317160031136485	0.0059321180305672	0.0118642360611344	0.00129205601238419	-0.0014531015116436	0.0126137264513341
20	-0.0204507437122884	-0.000785313532226218	0.00311526835892972	0.00583584301690736	0.0116716860338147	0.00128205258706356	-0.00144942949204648	0.0124523227736604
20.0833333333333	-0.0200570447971493	-0.00084172904670299	0.00304278721480757	0.00574183497996824	0.0114836699599365	0.00125067170634163	-0.00146470137312214	0.012328181315857
20.1666666666667	-0.0196353897942001	-0.000908693665183765	0.0029535216668134	0.00565051527495269	0.0113010305499054	0.00119708601631487	-0.00149974135445803	0.012242701855761
20.25	-0.0191849767905682	-0.000986543667905152	0.00284683650276222	0.00556230525706356	0.0111246105141271	0.00112046816307974	-0.00155537363564166	0.0121972841712095
20.3333333333333	-0.018705003873381	-0.00107561533510375	0.00272209651046905	0.00547762628150374	0.0109552525630075	0.00101999079273272	-0.00163242241626047	0.0121933280400397
20.4166666666667	-0.0181946691297658	-0.00117624494701618	0.00257866647774891	0.00539689970347607	0.0107937994069521	0.00089482655137027	-0.00173171189590196	0.0122322332400887
20.5	-0.0176531706468501	-0.00128876878387905	0.00241591119241679	0.00532054687818342	0.0106410937563668	0.000744148085088861	-0.00185406627415359	0.0123153995491937
20.5833333333333	-0.0170797065117614	-0.00141352312592895	0.00223319544228773	0.00524898916082867	0.0104979783216573	0.000567128039984971	-0.00200030975060285	0.0124442267451918
20.6666666666667	-0.0164734748116269	-0.00155084425340251	0.00202988401517673	0.00518264790661466	0.0103652958132293	0.00036293906215506	-0.0021712665248372	0.0126201146059202
20.75	-0.0158336736335742	-0.00170106844653633	0.00180534169889879	0.00512194447074425	0.0102438889414885	0.000130753797695587	-0.00236776079644413	0.012844462909216
20.8333333333333	-0.0151595010647306	-0.00186453198556702	0.00155893328126895	0.00506730020842033	0.0101346004168407	-0.000130255107296958	-0.00259061676501111	0.0131186714329164
20.9166666666667	-0.0144510339501496	-0.00204118594889698	0.0012905418235207	0.00501895320339749	0.010037906406795	-0.000420317701267975	-0.00283999394863933	0.0134430365220357
21	-0.0137118641665887	-0.00222944060759183	0.00100212348056152	0.0049764084536373	0.0099528169072746	-0.000737274810830278	-0.00311339313948489	0.0138134407902969
21.0833333333333	-0.0129464623487314	-0.00242732103088296	0.000696152680717391	0.0049389876856531	0.0098779753713062	-0.00107836995713851	-0.00340765044821761	0.0142246634186
21.1666666666667	-0.0121592991312614	-0.00263285228800178	0.000375103852314283	0.00490601262595821	0.00981202525191642	-0.00144084666134733	-0.00371960198550729	0.0146714835878453
21.25	-0.0113548451488621	-0.00284405944817972	4.14514236781543e-05	0.00487680500106594	0.00975361000213189	-0.00182194844461143	-0.00404608386202377	0.0151486804789329
21.3333333333333	-0.0105375710362172	-0.00305896758064815	-0.000302330176864996	0.00485068653748963	0.00970137307497927	-0.00221891882808543	-0.00438393218843684	0.015651033272763
21.4166666666667	-0.0097119474280102	-0.0032756017546385	-0.000653766520989209	0.00482697896174259	0.00965395792348519	-0.00262900133292401	-0.00472998307541633	0.0161733211502357
21.5	-0.00888244495892461	-0.00349198703938218	-0.00101038318036852	0.00480500400033815	0.00961000800067631	-0.00304943948028185	-0.00508107263363206	0.0167103232922511
21.5833333333333	-0.00805353426364406	-0.00370614850411058	-0.00136970572667694	0.00478408337978964	0.00956816675957927	-0.00347747679131357	-0.00543403697375382	0.0172568188797093
21.6666666666667	-0.00722968597685209	-0.00391611121805511	-0.00172925973158849	0.00476353882661036	0.00952707765322072	-0.00391035678717385	-0.00578571220645145	0.0178075870935106
21.75	-0.0064153707332322	-0.00411990025044719	-0.00208657076677724	0.00474269206731365	0.0094853841346273	-0.00434532298901738	-0.00613293444239477	0.0183574071145551
21.8333333333333	-0.00561505916746804	-0.0043155406705182	-0.00243916440391716	0.00472086482841283	0.00944172965682566	-0.00477961891799877	-0.00647253979225357	0.0189010581237429
21.9166666666667	-0.00483322191424313	-0.00450105754749957	-0.0027845662146823	0.00469737883642122	0.00939475767284244	-0.0052104880952727	-0.00680136436669768	0.0194333193019742
22	-0.00407432960824098	-0.00467447595062271	-0.00312030177074671	0.00467155581785214	0.00934311163570429	-0.00563517404199386	-0.00711624427639693	0.019948969830149
22.0833333333333	-0.00334285288414524	-0.004833820949119	-0.00344389664378438	0.00464271749921892	0.00928543499843785	-0.00605092027931686	-0.0074140156320211	0.0204427888891677
22.1666666666667	-0.00264326237663941	-0.00497711761221987	-0.00375287640546936	0.00461018560703489	0.00922037121406977	-0.00645497032839639	-0.00769151454424003	0.0209095556599302
22.25	-0.00198002872040704	-0.00510239100915672	-0.00404476662747568	0.00457328186781335	0.0091465637356267	-0.00684456771038712	-0.00794557712372355	0.0213440493233368
22.3333333333333	-0.00135762255013173	-0.00520766620916095	-0.00431709288147734	0.00453132800806764	0.00906265601613528	-0.00721695594644368	-0.00817303948114144	0.0217410490602875
22.4166666666667	-0.000780514500497023	-0.00529096828146397	-0.00456738073914839	0.00448364575431108	0.00896729150862216	-0.00756937855772076	-0.00837073772716353	0.0220953340516826
22.5	-0.000253175206186449	-0.00535032229529719	-0.00479315577216285	0.00442955683305699	0.00885911366611397	-0.00789907906537301	-0.00853550797245965	0.0224016834784222
22.5833333333333	0.000219924698116393	-0.00538375331989202	-0.00499194355219475	0.00436838297081869	0.00873676594163738	-0.00820330099055508	-0.00866418632769959	0.0226548765214064
22.6666666666667	0.000634314577727963	-0.00538928642447985	-0.00516126965091812	0.00429944589410951	0.00859889178821903	-0.00847928785442165	-0.00875360890355319	0.0228496923615353
22.75	0.00098552379796471	-0.0053649466782921	-0.00529865964000698	0.00422206732944277	0.00844413465888554	-0.00872428317812736	-0.00880061181069024	0.0229809101797092
22.8333333333333	0.00126908172414306	-0.00530875915056017	-0.00540163909113535	0.00413556900333179	0.00827113800666358	-0.00893553048282689	-0.00880203115978058	0.0230433091568281
22.9166666666667	0.00148051772157945	-0.00521874891051547	-0.00546773357597727	0.0040392726422899	0.0080785452845798	-0.00911027328967489	-0.00875470306149401	0.0230316684737923
23	0.00161536115559036	-0.00509294102738941	-0.00549446866620677	0.00393249997283041	0.00786499994566082	-0.00924575511982603	-0.00865546362650036	0.0229407673115018
23.0833333333333	0.00166914139149218	-0.00492936057041339	-0.00547936993349786	0.00381457272146666	0.00762914544293331	-0.00933921949443495	-0.00850114896546943	0.0227653848508568
23.1666666666667	0.00163738779460138	-0.00472603260881882	-0.00541996294952458	0.00368481261471196	0.00736962522942392	-0.00938790993465633	-0.00828859518907104	0.0225003002727574
23.25	0.0015156297302344	-0.0044809822118371	-0.00531377328596095	0.00354254137907963	0.00708508275815926	-0.00938906996164483	-0.008014638407975	0.0221402927581039
23.3333333333333	0.00129939656370768	-0.00419223444869965	-0.005158326514481	0.00338708074108301	0.00677416148216601	-0.00933994309655511	-0.00767611473285115	0.0216801414877962
23.4166666666667	0.00098421766033766	-0.00385781438863786	-0.00495114820675876	0.0032177524272354	0.00643550485447081	-0.00923777286054182	-0.00726986027436928	0.0211146256427347
23.5	0.00056562238544077	-0.00347574710088314	-0.00468976393446825	0.00303387816405014	0.00606775632810028	-0.00907980277475963	-0.0067927111431992	0.0204385244038193
23.5833333333333	3.91401043334724e-05	-0.00304405765466691	-0.0043716992692835	0.00283477967804055	0.0056695593560811	-0.00886327636036319	-0.00624150345001075	0.0196466169519503
23.6666666666667	-0.000599699817667795	-0.00256077111922057	-0.00399447978287855	0.00261977869571995	0.0052395573914399	-0.00858543713850718	-0.00561307330547374	0.0187336824680279
23.75	-0.00135536801524663	-0.0020239125637755	-0.00355563104692739	0.00238819694360165	0.00477639388720331	-0.00824352863034624	-0.00490425682025796	0.0176945001329521
23.8333333333333	-0.00223233512308652	-0.00143150705756316	-0.0030526786331041	0.002139356148199	0.00427871229639801	-0.00783479435703505	-0.00411189010503327	0.0165238491276231
23.9166666666667	-0.00323507177587106	-0.000781579669814916	-0.00248314811308267	0.00187257803602531	0.00374515607205063	-0.00735647783972826	-0.00323280927046946	0.0152165086329411
24	-0.00436804860828386	-7.21554697621554e-05	-0.00184456505853711	0.00158718433359389	0.00317436866718778	-0.00680582259958051	-0.0022638504272363	0.0137672578298061
24.0833333333333	-0.00563573625500838	0.000698740473363649	-0.0011344550411415	0.00128249676741809	0.00256499353483617	-0.00618007215774651	-0.00120184968600371	0.0121708758991184
24.1666666666667	-0.00704260535072822	0.00153308309033113	-0.000350343632569844	0.000957837064011209	0.00191567412802242	-0.0054764700353809	-4.36431574414396e-05	0.0104221420217781
24.25	-0.00859312653012701	0.00243284731190892	0.000510243595503874	0.000612526949886566	0.00122505389977313	-0.0046922597536383	0.00121393304778074	0.0085158353786852
24.3333333333333	-0.0102917704278882	0.00340000806886553	0.00144978107140556	0.00024588815155751	0.000491776303115019	-0.00382468483367343	0.00257404281899291	0.0064467351507401
24.4166666666667	-0.0121430076786954	0.00443654029196959	0.0024707432234612	-0.000142757604462649	-0.000285515208925297	-0.00287098879664093	0.0040398500455253	0.00420962051884283
24.5	-0.0141513089172322	0.00554441891198975	0.00357560447999684	-0.000554088591660607	-0.00110817718332121	-0.00182841516369541	0.00561451861670817	0.00179927066389342
24.5833333333333	-0.016321144778182	0.00672561885969451	0.00476683926933835	-0.000988783083523009	-0.00197756616704602	-0.000694207455991626	0.00730121242187157	-0.00078953523320778
24.6666666666667	-0.0186569858962285	0.0079821150658525	0.00604692201981174	-0.00144751935353654	-0.00289503870707309	0.000534390805315805	0.00910309535034574	-0.00356201799156071
24.75	-0.0211633029060554	0.00931588246123238	0.00741832715974306	-0.00193097567518791	-0.00386195135037583	0.00186013609907229	0.011023331291461	-0.00652339843026537
24.8333333333333	-0.023844566442346	0.0107288959766026	0.00888352911745815	-0.00243983032196375	-0.0048796606439275	0.00328578490412304	0.0130650841345472	-0.00967889736842134
24.9166666666667	-0.0267052471397839	0.0122231305427319	0.010445002321283	-0.00297476156735076	-0.00594952313470152	0.00481409369931347	0.0152315177689349	-0.0130337356251286
25	-0.0297498156330528	0.0138005610903888	0.0121052211995438	-0.00353644768483564	-0.00707289536967127	0.00644781896348897	0.0175257960839541	-0.0165931340194872
