Time	A	B	C	D	E	F	G	H	I	K	J
0	0.955485605792157	0.0175030679503589	0.00929770573460769	0.0141646541081124	0.0289558243457304	0.0122589571317709	0.0136039456242617	0.00929770573460742	0.00955712563629736	0.0185405849077273	0.00929770573460756
0.166666666666667	0.946922331738284	0.0239726401705815	0.0107652135807025	0.0140882123697763	0.0288029408690581	0.0140178651421557	0.0126366326767184	0.0105841005628694	0.00886578972143045	0.0171607442625898	0.00861368748426358
0.333333333333333	0.937951957414199	0.030066360272888	0.0121655872044785	0.0142191270552045	0.0290647702399145	0.0158819538824346	0.0119013350397722	0.0119181419500709	0.00831509986616726	0.0159833040122056	0.00804691076156692
0.5	0.928603346870969	0.0357962559075337	0.0134999696644377	0.0145497032561629	0.0297259226418314	0.0178406067797748	0.011383348076018	0.0133028815534427	0.00789648365997863	0.0150017271766198	0.00759387767846346
0.666666666666667	0.918904660942161	0.0411741627396368	0.0147695080353799	0.0150723536877315	0.0307712235049687	0.0198835038701533	0.011068341153241	0.0147412235073437	0.00760158323656987	0.0142095846030201	0.00725113627456428
0.833333333333333	0.908883357243837	0.0462117244491775	0.0159753534084023	0.0157795986883043	0.0321857135061142	0.0220006217983568	0.0109423576444164	0.0162359244232612	0.00742225527388077	0.0136005549657368	0.00701528051714558
1	0.898566190174557	0.050920392730999	0.0171186608909	0.0166640662195891	0.0339546485686838	0.0241822338179819	0.0109918149277095	0.0177895933898108	0.00735057099408561	0.0131684247662428	0.00688295030114874
1.16666666666667	0.887979210915381	0.0553114272948067	0.0182005896065656	0.0177184918666078	0.0360634998627213	0.0264189097914349	0.0112035043864757	0.0194046919727364	0.00737881616359314	0.0129070883331538	0.00685083144918024
1.33333333333333	0.877147767429866	0.0593958958651687	0.0192223026953896	0.0189357188376965	0.0384979538048986	0.0287015161899319	0.0115645914092603	0.0210835342149101	0.00749949109304661	0.0128105478222279	0.00691565571151175
1.5	0.866096504464068	0.0631846741815153	0.0201849673136599	0.020308697964505	0.0412439120585155	0.0310212160934988	0.0120626153897989	0.0228282866363323	0.00770531063732374	0.0128729132163662	0.00707420076608007
1.66666666666667	0.854849363546539	0.0666884459981397	0.021089754633962	0.0218304877019972	0.0442874915335	0.0333694691909712	0.0126854897270171	0.0246409682341319	0.00798920419553672	0.0130884023256121	0.00732329021848715
1.83333333333333	0.84342958298833	0.0699177030841974	0.0219378398451793	0.0234942541284511	0.0476150243864078	0.0357380317799947	0.0134215018250306	0.0265234504825659	0.00834431571103225	0.0134513407871517	0.00765979360200009
2	0.831859697882992	0.0728827452237065	0.0227304021524928	0.0252932709454586	0.0512130580204228	0.0381189567670244	0.0142593130931451	0.0284774573330198	0.00876400367139149	0.013956162065314	0.00808062637755114
2.16666666666667	0.82016154010657	0.0755936802155475	0.023468624777381	0.0272209194779256	0.0550683550853569	0.0405045936673255	0.0151879589458564	0.0305045652140072	0.00924184110843008	0.0145974074515703	0.00858274993373769
2.33333333333333	0.808356238317612	0.0780604238734635	0.0241536949576202	0.0292706886740722	0.0591678934776499	0.0428875886049727	0.0161968488028504	0.03260620303117	0.00977161559819817	0.0153697260645348	0.00916317158682229
2.5	0.796464217957159	0.0802927000260601	0.0247868039472842	0.0314361751054321	0.0634988663403698	0.0452608843128507	0.0172757660890032	0.0347836521672786	0.0103473292609804	0.0162678748499642	0.00981894458073263
2.66666666666667	0.784505201248755	0.0823000405168055	0.0253691470167447	0.0337110829668533	0.0680486820632123	0.0476177201326538	0.0184148682343808	0.0370380464822315	0.0109631987612957	0.0172867185807579	0.0105471680870615
2.83333333333333	0.772498207198436	0.0840917852040301	0.0259019234526708	0.0360892240764978	0.0728049642825013	0.0499516320148863	0.0196046866742393	0.0393703723130557	0.0116136553078979	0.0184212298569578	0.011344987205067
3	0.760461551594743	0.0856770819609272	0.0263863365580294	0.0385645178758416	0.0777555518811887	0.0522564525188621	0.0208361268490249	0.0417814684739063	0.0122933446537749	0.0196664891057488	0.0122095929616722
3.16666666666667	0.748412847008709	0.0870648866755524	0.026823593652085	0.0411309914296744	0.0828884989888544	0.054526310812705	0.022100468204374	0.0442720262560667	0.0129971270961493	0.021017684581458	0.0131382223114654
3.33333333333333	0.736369002793869	0.0882639632508239	0.0272149060703999	0.0437827794261003	0.0881920749817062	0.0567556326733485	0.0233893641911128	0.0468425894279489	0.013720077476478	0.0224701123655554	0.0141281581367
3.5	0.724346225086255	0.0892828836045224	0.0275614891648337	0.0465141241765371	0.0936547644825799	0.0589391404865359	0.0246948422652579	0.0494935542350928	0.0144574851804527	0.0240191763666536	0.0151767292472946
3.66666666666667	0.712360016804394	0.0901300276692909	0.027864562303544	0.0493193756157169	0.0992652673609395	0.0610718532468204	0.0260093038880158	0.0522251694001669	0.0152048541379992	0.0256603883205079	0.0162813103808329
3.83333333333333	0.700425177649317	0.0908135833926352	0.028125348870986	0.0521929913016856	0.105012498732877	0.0631490865575649	0.0273255245257831	0.0550375361229678	0.0159579028232781	0.0273893677900161	0.0174393222025639
4	0.688555804104548	0.0913415467369236	0.0283450762679124	0.0551295364158031	0.110885588961112	0.065166452630942	0.0286366536501463	0.0579306080804206	0.0167125642546843	0.0292018421652187	0.0186482313054014
4.16666666666667	0.676765289436111	0.0917217216793867	0.0285249759113736	0.0581236837627432	0.116873883654992	0.0671198602879342	0.0299362147378824	0.0609041914265786	0.0174649859948472	0.031093646663299	0.0199055502099248
4.33333333333333	0.665066323692527	0.0919617202121178	0.0286662832347177	0.061170213770494	0.122966943670494	0.0690055149583339	0.0312181052709582	0.0639579447926232	0.0182115301506307	0.0330607243285826	0.0212088373643783
4.5	0.653470893704818	0.0920689623420726	0.0287702376875906	0.0642640144903575	0.129154545110221	0.0708199186807429	0.0324765967365305	0.0670913792868646	0.0189487733731334	0.035099126032538	0.0225556971446714
4.66666666666667	0.6419902830865	0.0920506760910694	0.0288380827359355	0.0674000815969494	0.135426679323404	0.0725598701025733	0.0337063346269464	0.0703038584947407	0.0196735068576879	0.0372050104737764	0.0239437798543787
4.83333333333333	0.63063507223359	0.091913897495789	0.0288710658619936	0.0705735183881998	0.141773552905905	0.0742224644800465	0.0349023384397429	0.0735945984788182	0.0203827363438616	0.0393746441780514	0.02537078172474
5	0.619415138324601	0.0916654706077746	0.0288704385643036	0.0737795357853526	0.148185587700211	0.075805093678194	0.0360600016776472	0.0769626677787919	0.0210736821154566	0.0416044014982594	0.0268344449146603
5.16666666666667	0.608339655320545	0.0913120474934321	0.0288374563577018	0.0770134523329657	0.154653420795437	0.077305446170857	0.0371750918485764	0.0804069874114847	0.0217437790005089	0.0438907646144394	0.0283325575107094
5.33333333333333	0.597417093964933	0.0908600882340297	0.0287733787733222	0.0802706941989112	0.161167904527328	0.0787215070406865	0.0382437504656379	0.0839263308708482	0.0223906763712895	0.0462303235337731	0.0298629535271227
5.5	0.586655221783773	0.0903158609256983	0.0286794693585965	0.0835467951743748	0.167720106478255	0.0800515579791432	0.0392624930471292	0.0875193241279621	0.0230122381443036	0.0486197760905848	0.0314235129058006
5.66666666666667	0.576061103085571	0.0896854416794312	0.0285569956772541	0.0868373966738565	0.174301309477219	0.0812941772864978	0.0402282091165375	0.0911844456310343	0.023606542780291	0.0510559279463414	0.0330121615163085
5.83333333333333	0.56564109896133	0.0889747146210842	0.0284072293093219	0.0901382477351704	0.180903011599846	0.0824482398718304	0.0411381622025405	0.0949200263054012	0.0241718832842259	0.0535356925896524	0.0346268711558771
6	0.555400867284553	0.0881893718913759	0.0282314458511245	0.0934452050194443	0.187516926168394	0.0835129172530313	0.0419899898390058	0.0987242495535273	0.0247067672053172	0.0560560913362701	0.0362656595494021
6.16666666666667	0.545345362711241	0.0873349136458869	0.0280309249152842	0.0967542328111201	0.194134981751746	0.0844876775568004	0.0427817035649911	0.102595151255006	0.0252099166370079	0.0586142533290894	0.0379265903494446
6.33333333333333	0.535478836679891	0.0864166480550606	0.027806950130721	0.100061403017954	0.200749322165413	0.0853722855186473	0.043511688924744	0.106530619766557	0.0256802682169758	0.0612074155381477	0.0396077731362307
6.5	0.5258048374115	0.0854396913042031	0.0275608091426525	0.103362895171015	0.207352306471536	0.0861668024828916	0.0441787054677026	0.110528395922032	0.0261169731271331	0.0638329227606253	0.0413073634176516
6.66666666666667	0.516326209909562	0.0844089675934827	0.0272937936125939	0.106654996424689	0.213936508978883	0.0868715864026625	0.0447818867484946	0.114586073032407	0.0265193970936264	0.0664882276208448	0.0430235626292636
6.83333333333333	0.50704509596007	0.0833292091379303	0.027007199218358	0.109934101556672	0.220494719242849	0.0874872918398991	0.0453207403269382	0.11870109688579	0.0268871203868368	0.0691708905702717	0.0447546181342884
7	0.497962934131513	0.0822049561674394	0.0267023256540556	0.113196712967976	0.227019942065459	0.0880148699653502	0.0457951477680413	0.122870765747413	0.0272199378213801	0.0718785798875142	0.0464988232236126
7.16666666666667	0.489080459774881	0.0810405569267659	0.0263804766300947	0.116439440682929	0.233505397495363	0.0884555685585744	0.0462053646420022	0.12709223035964	0.0275178587561062	0.0746090716783227	0.048254517115788
7.33333333333333	0.48039770502366	0.0798401676755283	0.0260429598731813	0.119659002349169	0.239944520827843	0.0888109320079402	0.046552020524209	0.131362493941963	0.0277811070940999	0.0773602498755909	0.0500200849570317
7.5	0.471913998793834	0.0786077526882075	0.0256910871263188	0.12285222323765	0.246330962604805	0.0890828013106258	0.0468361189952401	0.135678412190999	0.02801012128268	0.0801301062393545	0.0517939578212258
7.66666666666667	0.463627966783886	0.0773470842541471	0.0253261741488084	0.126016036242641	0.252658588614787	0.0892733140726191	0.0470590376408639	0.140036693280498	0.0282055543134003	0.0829167403567924	0.0535746127099176
7.83333333333333	0.455537531474797	0.0760617426775531	0.024949540716249	0.129147481881723	0.258921479892951	0.0893849045087179	0.0472225280520387	0.144433897861335	0.0283682737220487	0.0857183596422258	0.0553605725523195
8	0.447639912130045	0.0747551162774939	0.0245625106205369	0.132243708295792	0.26511393272109	0.0894203034425299	0.0473287158249133	0.148866439061513	0.0284993615886478	0.0885332793371184	0.057150406205309
8.16666666666667	0.439931624795607	0.0734304013879006	0.0241664116698665	0.135301971249059	0.271230458627623	0.0893825383064723	0.0473801005608262	0.153330582486166	0.0286001145374545	0.091359922510077	0.058942728453429
8.33333333333333	0.432408482299958	0.0720906023575668	0.0237625756887294	0.138319634129046	0.277265784387599	0.0892749331417722	0.047379555866306	0.157822446217555	0.0286720437369603	0.0941968200568508	0.0607362000088873
8.5	0.425065627544845	0.0707385361039192	0.0233523365371685	0.141294168315229	0.283214852759964	0.0891010925441994	0.0473303099461867	0.162338012160651	0.0287168638824561	0.0970426070312092	0.0625295264121265
8.66666666666667	0.417897899703813	0.0693768822044965	0.0229370083225662	0.144223157234023	0.289072830597551	0.0888647250671256	0.0472357321278719	0.166873250844549	0.0287363720042458	0.0998959822845959	0.0643214459380902
8.83333333333333	0.410900200420729	0.0680082329884274	0.0225178636114321	0.147104300413779	0.294835116957063	0.0885694666245848	0.0470991193856006	0.17142424622388	0.0287323262758602	0.102755668105783	0.0661107175024886
9	0.404067527100555	0.0666350980902018	0.0220961314486571	0.149935413853419	0.300497343836344	0.0882188644370053	0.0469236769335619	0.17598720702439	0.0287064349966218	0.105620406551747	0.0678961195623687
9.16666666666667	0.397394972909352	0.0652599044496705	0.0216729973575131	0.152714430022437	0.30605537617438	0.0878163770312106	0.0467125182258946	0.180558466742945	0.028660356591645	0.108488959447671	0.0696764501161138
9.33333333333333	0.390877726774274	0.0638849963120454	0.0212496033396528	0.155439397860897	0.3115053118513	0.0873653742404184	0.046468664956688	0.185134483647526	0.0285956996118356	0.111360108386945	0.0714505267034436
9.5	0.384511073383574	0.0625126352278991	0.0208270478751101	0.158108482779434	0.316843481688374	0.0868691372042414	0.046195047059981	0.189711840777235	0.0285140227338914	0.114232654731162	0.0732171864054146
9.66666666666667	0.378290393186601	0.0611450000531656	0.0204063859223	0.160719966659254	0.322066449448014	0.0863308583686868	0.0458945027097631	0.194287245942289	0.0284168347603018	0.117105419610123	0.0749752858444195
9.83333333333333	0.3722111623938	0.0597841869491398	0.0199886289180182	0.163272247852134	0.327171011833774	0.0857536414861567	0.0455697783199733	0.198857531724024	0.0283055946193481	0.119977243921835	0.0767237011841876
10	0.366268952976711	0.0584322093824773	0.0195747447774417	0.165763841180422	0.332154198490349	0.0851405016154477	0.0452235285445011	0.203419655474892	0.0281817113651031	0.122846988332507	0.0784613281297848
10.1666666666667	0.360459432667975	0.0570909981251952	0.0191656578941284	0.168193377937036	0.337013272003578	0.0844943651217512	0.0448583162771858	0.207970699318465	0.0280465441774314	0.125713533276558	0.0801870819276134
10.3333333333333	0.354778364961324	0.0557624012546712	0.0187622491400173	0.170559605885466	0.341745727900439	0.0838180696766531	0.0444766126518169	0.212507870149431	0.0279014023619894	0.128575778956611	0.0818998973654121
10.5	0.349221609111591	0.0544481841536441	0.0183653558654282	0.172861389259774	0.346349294649053	0.0831143642581343	0.0440807970421339	0.217028499633595	0.0277475453502252	0.131432645343493	0.0835987287722563
10.6666666666667	0.343785120134701	0.0531500295102138	0.0179757718990623	0.17509770876459	0.350821933658685	0.0823859091505702	0.0436731570618263	0.221530044207882	0.0275861826993786	0.134283072176241	0.0852825500185578
10.8333333333333	0.33846494880768	0.0518695373178411	0.0175942475480014	0.177267661575116	0.355161839279738	0.0816352759447308	0.0432558885645338	0.226010085080332	0.0274184740924812	0.137126018962093	0.0869503545160648
11	0.333257241668647	0.0506082248753479	0.0172214895977085	0.179370461337128	0.359367438803761	0.0808649475377809	0.0428310956438461	0.230466328230105	0.0272455293383562	0.139960464976495	0.0886011552178622
11.1666666666667	0.328158241016819	0.0493675267869171	0.0168581613120278	0.181405438166967	0.363437392463441	0.0800773181332801	0.0424007906333029	0.234896604407477	0.0270684083716187	0.142785409263099	0.0902339846183711
11.3333333333333	0.32316428491251	0.0481487949620924	0.0165048824331842	0.183372038651552	0.367370593432609	0.0792746932411825	0.0419668941063941	0.239298869133842	0.0268881212526754	0.145599870633761	0.0918478947533495
11.5	0.318271807177129	0.0469532986157789	0.0161622291817838	0.185269825848366	0.371166167826238	0.078459289677837	0.0415312348765594	0.243671202701711	0.0267056281677248	0.148402887668546	0.0934419571998915
11.6666666666667	0.313477337393182	0.0457822242682422	0.0158307342568136	0.187098479285468	0.374823474700442	0.0776332355659871	0.0410955499971889	0.248011810174715	0.026521839428757	0.15119351871572	0.095015263076428
11.8333333333333	0.308777500904271	0.0446366757451093	0.0155108868356418	0.188857794961486	0.378342106052477	0.076798570334771	0.0406614847616224	0.2523190213876	0.026337615473554	0.153970841891759	0.0965669230427261
12	0.304169018815097	0.043517674177368	0.0152031325740174	0.190547685345618	0.381721886820741	0.0759572447197217	0.0402305927031502	0.25659129094623	0.0261537668656895	0.156733955081342	0.0980960672998897
12.1666666666667	0.299648707991453	0.0424261580013673	0.0149078736060706	0.192168179377635	0.384962874884775	0.0751111207627669	0.0398043355950122	0.260827198227589	0.0259710542945288	0.159481975937355	0.099601845590359
12.3333333333333	0.295213481060232	0.0413629829588169	0.0146254685443125	0.193719422467877	0.38806536106526	0.0742619718122287	0.0393840834503986	0.265025447379776	0.0257901885752291	0.162214041880889	0.101083427197911
12.5	0.290860346409423	0.0403289220967877	0.0143562324796352	0.195201676497257	0.391029869124019	0.0734114825228242	0.0389711145224498	0.269184867322007	0.0256118306487392	0.164929310101241	0.102540000947658
12.6666666666667	0.28658640818811	0.0393246657677117	0.014100436981312	0.196615319817257	0.393857155764019	0.0725612488556651	0.0385666153042559	0.27330441174462	0.0254365915817997	0.167626957555913	0.103970775206051
12.8333333333333	0.282388866306474	0.0383508216293817	0.013858310096997	0.19796084724993	0.396548210629366	0.0717127780782577	0.0381716805288573	0.277383159109065	0.0252650325669429	0.170306180970615	0.105374977880876
13	0.278265016435793	0.0374079146449516	0.0136300363527254	0.199238870087902	0.399104256305309	0.0708674887645031	0.0377873131692444	0.281420312647914	0.0250976649224928	0.17296619683926	0.106751856421255
13.1666666666667	0.274212250008442	0.0364963870829362	0.0134157567529134	0.200450116094368	0.401526748318241	0.0700267107946971	0.0374144244383578	0.285415200364855	0.0249349500925651	0.175606241423967	0.108100677817647
13.3333333333333	0.27022805421789	0.0356165985172115	0.0132155687803583	0.201595429503094	0.403817375135694	0.06919168535553	0.0370538337890879	0.289367275034693	0.0247772996470675	0.178225570755063	0.109420728601849
13.5	0.266310012018706	0.0347688258270144	0.0130295263962383	0.202675771018418	0.405978058166342	0.068363564940087	0.0367062689142753	0.293276114203352	0.0246250752816991	0.180823460631078	0.110711314846992
13.6666666666667	0.262455802126551	0.0339532631969426	0.0128576400401126	0.203692217815248	0.408010951760002	0.0675434133478479	0.0363723657467107	0.297141420187871	0.0244785888179509	0.18339920661875	0.111971762167546
13.8333333333333	0.258663199018187	0.0331700221169552	0.0126998766299217	0.204645963539064	0.409918443207633	0.0667322056846873	0.0360526684591348	0.300963020076411	0.0243381022031055	0.18595212405302	0.113201415719315
14	0.25493007293147	0.0324191313823721	0.0125561595619867	0.205538318305915	0.411703152741336	0.0659308283628742	0.0357476294642383	0.304740865728246	0.0242038275102373	0.188481548037037	0.114399640199442
14.1666666666667	0.251254389865352	0.031700537093874	0.01242636871101	0.206370708702423	0.413367933534352	0.0651400791010725	0.0354576094146621	0.308475033773772	0.0240759269382126	0.190986833442155	0.115565819846404
14.3333333333333	0.247634211579883	0.031014102657503	0.012310340430075	0.20714467778578	0.414915871701065	0.0643606669243409	0.0351828772029971	0.312165725614498	0.0239545128116892	0.193467354907934	0.116699358440015
14.5	0.244067695596208	0.0303596087846619	0.0122078675506459	0.207861885083749	0.416350286297003	0.0635932121641326	0.0349236099617843	0.315813267423055	0.0238396475811166	0.195922506842138	0.117799679301428
14.6666666666667	0.240553095196571	0.0297367534921147	0.0121186993825681	0.208524106594663	0.417674729318832	0.0628382464582955	0.0346798930635146	0.319418110143188	0.0237313438227363	0.198351703420739	0.118866225293131
14.8333333333333	0.237088759424309	0.0291451521019862	0.0120425417140681	0.209133234787428	0.418892985704362	0.0620962127510723	0.0344517201206292	0.322980829489762	0.0236295642385812	0.200754378587914	0.119898458818946
15	0.233673133083857	0.0285843372417623	0.0119790568117532	0.209691278601519	0.420009073332545	0.0613674652931002	0.0342389929855191	0.326502125948759	0.0235342216564762	0.203129986056044	0.120895861824035
15.1666666666667	0.230304756740747	0.0280537588442901	0.0119278634206118	0.210200363446984	0.421027243023474	0.0606522696414112	0.0340415217505255	0.329982824777279	0.0234451790300378	0.205477999305718	0.121857935794895
15.3333333333333	0.226982266721608	0.0275527841477773	0.0118885367640134	0.210662731204439	0.421951978538384	0.0599508026594322	0.0338590247479398	0.333423876003538	0.0233622494386743	0.20779791158573	0.12278420175936
15.5	0.223704395114163	0.027080697695793	0.0118606085437085	0.211080740225074	0.422787996579654	0.0592631525169843	0.0336911285500032	0.336826354426871	0.0232851960875856	0.210089235913079	0.123674200286599
15.6666666666667	0.220469969767233	0.026636701337267	0.0118435669398284	0.211456865330648	0.423540246790801	0.0585893186902838	0.0335373679689071	0.340191459617731	0.0232137323077634	0.21235150507297	0.12452749148712
15.8333333333333	0.217277914290736	0.0262199142264902	0.0118368566108857	0.21179369781349	0.424213911756486	0.0579292119619414	0.0333971860567929	0.343520515917688	0.0231475215559912	0.214584271618814	0.125343655012765
16	0.214127248055686	0.0258293728231147	0.0118398786937738	0.212093945436504	0.424814407002513	0.0572826544209625	0.0332699341057522	0.346814972439429	0.0230861774148441	0.216787107872228	0.126122290056715
16.1666666666667	0.211017086194192	0.0254640308921533	0.0118519908037674	0.21236043243316	0.425347380995826	0.0566493794627473	0.0331548716478265	0.35007640306676	0.0230292635926891	0.218959605923033	0.126863015353486
16.3333333333333	0.207946639599462	0.0251227595039799	0.0118725070345218	0.212596099507503	0.425818715144512	0.0560290317890905	0.0330511664550073	0.353306506454603	0.0229762939236847	0.221101377629259	0.127565469178929
16.5	0.204915214925799	0.0248043470343296	0.0119006979580737	0.212804003834146	0.426234523797798	0.0554211674081817	0.0329578945392365	0.356507106028999	0.0229267323677814	0.223212054617138	0.128229309350234
16.6666666666667	0.201922214588601	0.0245074991642982	0.0119357906248406	0.212987319058275	0.426601154246055	0.0548252536346052	0.0328740401524056	0.359680149987107	0.0228799930107211	0.225291288281109	0.128854213225928
16.8333333333333	0.198967133103224	0.0242308439270109	0.0119769714787046	0.213149325787788	0.426925167705081	0.0542406736134539	0.0327985011562781	0.362827702774394	0.0228354431221953	0.227338750249159	0.129439878483732
17	0.196049516812414	0.0239729872209733	0.0120234184229297	0.213293307006865	0.427213130143236	0.0536667760855862	0.0327301480916264	0.365951851333766	0.0227924367955761	0.229354137501566	0.129986031677045
17.1666666666667	0.193168923613749	0.0237325683234222	0.0120743328860795	0.213422443489538	0.427471403108581	0.0531029251528818	0.0326678832473688	0.369054611354685	0.0227503485876485	0.231337177489649	0.13049243679141
17.3333333333333	0.190324919298495	0.0235082649369938	0.012128942737101	0.213539804291829	0.427706124713163	0.0525485048023561	0.0326106460304919	0.372137918750366	0.0227085765767677	0.23328762860111	0.130958896022381
17.5	0.187517077551607	0.0232987931897242	0.0121865022853241	0.213648346751755	0.427923209633016	0.0520029189061602	0.0325574129660497	0.375203629657779	0.0226665423628594	0.235205280160029	0.131385249775522
17.6666666666667	0.184744979951731	0.0231029076350488	0.0122462922804617	0.213750916489326	0.428128349108157	0.0514655912215809	0.0325071976971642	0.378253520437645	0.0226236910674192	0.237089952426867	0.131771376666406
17.8333333333333	0.182008215971199	0.0229194012518026	0.01230761991261	0.213850247406542	0.42832701094259	0.0509359653910405	0.0324590509850252	0.381289287674435	0.022579491333513	0.23894149659847	0.132117193520614
18	0.179306382976033	0.0227471054442203	0.0123698188122482	0.213948961687399	0.428524439504304	0.0504135049420973	0.0324120607088903	0.384312548176376	0.022533435325777	0.24075979480806	0.13242265537374
18.1666666666667	0.176639086225946	0.0225848900419361	0.0124322490502385	0.214049569797884	0.428725655725274	0.0498976932874449	0.0323653518660849	0.387324838975446	0.0224850387304177	0.242544760125242	0.132687755471384
18.3333333333333	0.174005938874336	0.0224316632999837	0.0124942971378264	0.214154470485977	0.428935457101461	0.0493880337249127	0.0323180865720023	0.390327617327375	0.0224338407552116	0.244296336556004	0.132912525269157
18.5	0.171406561968292	0.0222863718987964	0.0125553760266403	0.214265950781652	0.42915841769281	0.048884049437466	0.0322694640601034	0.393322260711647	0.0223794041295057	0.246014499042711	0.133097034432678
18.6666666666667	0.168840584448594	0.0221480009442071	0.0126149251086918	0.214386185996874	0.429398888123254	0.0483852834932054	0.0322187206819171	0.396310066831497	0.022321315104217	0.247699253464112	0.133241390837579
18.8333333333333	0.166307643149706	0.0220155739674482	0.0126724102163756	0.214517239725602	0.429660995580709	0.0478912988453674	0.03216512990704	0.399292253613913	0.0222591834518328	0.249350636635336	0.133345740569497
19	0.163807382799786	0.0218881529251518	0.0127273236224695	0.214661063843787	0.429948643817079	0.0474016783323242	0.0321080023231366	0.402269959209635	0.0221926424664108	0.250968716307893	0.133410267924081
19.1666666666667	0.161339456020677	0.0217648381993493	0.0127791840401342	0.214819498509373	0.430265513148252	0.0469160246775835	0.0320466856359392	0.405244241993157	0.0221213489635786	0.252553591169673	0.13343519540699
19.3333333333333	0.158903523327914	0.0216447685974721	0.0128275366229138	0.214994272162298	0.430615060454101	0.0464339604897888	0.0319805646692478	0.408216080562723	0.0220449832805344	0.254105390844949	0.13342078373389
19.5	0.156499253130718	0.0215271213523506	0.0128719529647354	0.215187001524491	0.431000519178488	0.0459551282627193	0.0319090613649303	0.411186373740333	0.0219632492760463	0.255624275894373	0.133367331830458
19.6666666666667	0.154126321732001	0.0214111121222153	0.0129120310999089	0.215399191599875	0.431424899329255	0.0454791903752896	0.0318316347829225	0.414155940571735	0.0218758743304529	0.25711043781498	0.133275176832382
19.8333333333333	0.151784413328363	0.021295994990696	0.0129473955031277	0.215632235674365	0.431890987478235	0.0450058290915504	0.0317477811012278	0.417125520326433	0.0217826093456628	0.258564099040183	0.133144694085356
20	0.149473220010094	0.021181062466822	0.0129776970894681	0.215887415315869	0.432401346761245	0.0445347465606878	0.0316570336159175	0.420095772497682	0.021683228745155	0.259985512939779	0.132976297145086
20.1666666666667	0.147192441761171	0.0210656454850223	0.0130026132143895	0.216165900374289	0.432958316878085	0.0440656648170236	0.0315589627411309	0.42306727680249	0.0215775304739787	0.261374963819944	0.132770437777286
20.3333333333333	0.144941786459262	0.0209491134051254	0.0130218476737345	0.216468748981519	0.433564014092543	0.0435983257800152	0.0314531760090748	0.426040533181617	0.0214653359987532	0.262732766923237	0.132527605957681
20.5	0.142720969875722	0.0208308740123595	0.0130351307037286	0.216796907551443	0.434220331232392	0.0431324912542558	0.0313393180700239	0.429015961799576	0.0213464903076682	0.264059268428595	0.132248329872004
20.6666666666667	0.140529715675597	0.0207103735173521	0.0130422189809806	0.217151210779943	0.434928937689392	0.0426679429294743	0.031217070692321	0.431993903044631	0.0212208619104835	0.265354845451338	0.131933175915999
20.8333333333333	0.138367755417619	0.0205870965561306	0.0130428956224821	0.217532381644891	0.435691279419287	0.0422044823805352	0.0310861527623762	0.434974617528801	0.0210883428385292	0.266619906043168	0.131582748695417
21	0.136234828554213	0.0204605661901217	0.0130369701856083	0.21794103140615	0.436508578941806	0.0417419310674386	0.0309463202846678	0.437958286087856	0.0209488486447057	0.267854889192165	0.131197691026021
21.1666666666667	0.134130682431489	0.0203303439061517	0.0130242786681169	0.21837765960558	0.437381835340665	0.0412801303353205	0.0307973663817419	0.440945009781318	0.0208023184034834	0.269060264822791	0.130778683933581
21.3333333333333	0.132055072289247	0.0201960296164465	0.0130046835081491	0.218842654067029	0.438311824263564	0.0408189414144522	0.0306391212942121	0.443934809892462	0.0206487147109032	0.270236533795891	0.13032644665388
21.5	0.130007761260978	0.0200572616586317	0.0129780735842291	0.219336290896343	0.439299097922191	0.040358245420241	0.0304714523807602	0.446927627928316	0.0204880236845761	0.271384227908689	0.129841736632707
21.6666666666667	0.127988520373859	0.0199137167957324	0.0129443642152642	0.219858734481357	0.440343985092219	0.0398979433532298	0.0302942641181355	0.449923325619659	0.0203202549636833	0.272503909894791	0.129325349525862
21.8333333333333	0.125997128548758	0.019765110216173	0.0129034971605446	0.220410037491899	0.441446591113304	0.0394379560990971	0.0301074981011552	0.452921684921024	0.0201454417089762	0.273596173424182	0.128778119199154
22	0.124033372600231	0.0196111955337778	0.0128554406197439	0.220990140879792	0.44260679788909	0.038978224428657	0.0299111330427046	0.455922408010697	0.0199636406027766	0.27466164310323	0.128200917728402
22.1666666666667	0.122097047236523	0.0194517647877705	0.0128001892329185	0.22159887387885	0.443824263887206	0.0385187089978595	0.0297051847737362	0.458925117290713	0.0197749318489764	0.275700974474683	0.127594655399434
22.3333333333333	0.120187955059568	0.0192866484427745	0.0127377640805083	0.222235954004881	0.445098424139267	0.0380593903477901	0.029489706243271	0.461929355386864	0.0195794191730377	0.276714854017671	0.126960280708087
22.5	0.118305906564989	0.0191157153888126	0.0126682126833358	0.222900987055684	0.446428490240873	0.03760026890467	0.0292647875183973	0.464934585148692	0.0193772298219929	0.277703999147704	0.126298780360208
22.6666666666667	0.116450720142098	0.0189388729413072	0.0125916090026069	0.223593467111052	0.447813450351609	0.0371413649798561	0.0290305557842714	0.467940189649491	0.0191685145644447	0.278669158216672	0.125611179271655
22.8333333333333	0.114622222073895	0.0187560668410803	0.0125080534399105	0.224312776532771	0.449252069195048	0.036682718769841	0.0287871753441174	0.470945472186308	0.0189534476905659	0.279611110512849	0.124898540568292
23	0.11282024653707	0.0185672812543536	0.0124176728372187	0.22505818596462	0.450742888058746	0.0362243903562528	0.0285348476192272	0.473949656279944	0.0187322270120996	0.280530666260888	0.124161965585995
23.1666666666667	0.111044635602002	0.0183725387727482	0.0123206204768865	0.22582885433237	0.452284224794245	0.0357664597058556	0.0282738111489606	0.476951885674951	0.0185050738623591	0.281428666621822	0.123402593870649
23.3333333333333	0.109295239232758	0.0181719004132846	0.0122170760816522	0.226623828843784	0.453874173817074	0.0353090266705487	0.0280043415907451	0.479951224339632	0.0182722330962278	0.282305983693066	0.122621603178149
23.5	0.107571915287095	0.0179654656183833	0.0121072458146371	0.22744204498862	0.455510606106746	0.0348522109873676	0.027726751720076	0.482946656466046	0.0180339730901596	0.283163520508417	0.121820209474397
23.6666666666667	0.105874529516457	0.017753372255864	0.0119913622793455	0.228282326538628	0.457191169206761	0.034396152278483	0.0274413914305165	0.485937086470002	0.0177905857421786	0.284002211038052	0.120999666935308
23.8333333333333	0.104202955565979	0.0175357966189462	0.011869684519665	0.229143385547549	0.458913287224604	0.0339410100512017	0.0271486477336975	0.488921338991062	0.0175423864718788	0.284823020188529	0.120161267946803
24	0.102557074974484	0.0173129534262487	0.0117424980198661	0.230023822351119	0.460674160831744	0.0334869636979657	0.0268489447593178	0.49189815889254	0.0172897142204247	0.285626943802786	0.119306343104815
24.1666666666667	0.100936777174485	0.0170850958217902	0.0116101147046025	0.230922125567067	0.462470767263639	0.0330342124963532	0.026542743755144	0.494866211261504	0.0170329314505511	0.286415008660143	0.118436261215285
24.3333333333333	0.0993419594921817	0.0168525153749886	0.011472872938911	0.231836672095112	0.46429986031973	0.0325829756090775	0.0262305430870105	0.497824081408773	0.0167724241465629	0.287188272476302	0.117552429294164
24.5	0.0977725271474645	0.0166155420806618	0.0113311375282114	0.232765727116969	0.466157970363443	0.0321334920839881	0.0259128782388194	0.500770274868919	0.0165086018143352	0.287947823903344	0.116656292567413
24.6666666666667	0.096228393253912	0.0163745443590267	0.0111852997183068	0.233707444096344	0.468041404322193	0.0316860208540699	0.0255903218125409	0.503703217400267	0.0162418974813133	0.288694782529733	0.115749334471002
24.8333333333333	0.094709478818792	0.0161299290557004	0.011035777195383	0.234659864778936	0.469946245687377	0.0312408407374434	0.0252634835282127	0.506621254984893	0.0159727676965129	0.289430298880311	0.114833076650909
25	0.093215712743061	0.015882141441699	0.0108830140860094	0.235620919192437	0.471868354514379	0.030798250437365	0.0249330102239405	0.509522653828626	0.0157016925305199	0.290155554416303	0.113909078963124
25.1666666666667	0.0917470309049548	0.0156316629569516	0.0107274791883204	0.2365884335175	0.473803383164505	0.0303585671318239	0.0245995833099696	0.512405607355999	0.0154291738747725	0.290871758494895	0.112978935206491
25.3333333333333	0.0903033660794773	0.0153789863889424	0.0105696465150211	0.237560216668384	0.475746949466275	0.0299221109591123	0.0242638907634765	0.515268313154692	0.015155716733666	0.291580114924597	0.11204422618401
25.5	0.0888846378578914	0.0151245910513545	0.0104099758363923	0.238534146873606	0.477694809876718	0.0294891895033958	0.0239265991233602	0.518109049919981	0.0148818105166577	0.292281788520613	0.111106472764142
25.6666666666667	0.0874907517313084	0.014868940527582	0.0102489109114728	0.239508179546901	0.479642875223308	0.0290600963843102	0.0235883509443138	0.520926184449691	0.0146079273375485	0.292977902064418	0.110167131613654
25.8333333333333	0.086121599090688	0.0146124826707307	0.0100868794880596	0.240480347287228	0.481587210703963	0.0286351112569619	0.0232497647968249	0.523718171644188	0.0143345220144833	0.29366953630376	0.109227595197616
26	0.0847770572268386	0.0143556496036179	0.0099242933027074	0.24144875987877	0.483524035887045	0.0282144998119277	0.0229114352671755	0.526483554506389	0.0140620320699511	0.294357729952659	0.108289191779405
26.1666666666667	0.083456989330417	0.014098857718772	0.00976154808072914	0.242411604290928	0.485449724711362	0.0277985137752548	0.0225739329574419	0.529220964141752	0.0137908777307846	0.295043479691404	0.107353185420702
26.3333333333333	0.0821612444919283	0.0138425076784332	0.00959902353619572	0.24336714467833	0.487360805486165	0.027387390908461	0.0222378044854948	0.531929119758285	0.0135214619281606	0.295727740166561	0.106420775981493
26.5	0.0808896577017266	0.0135869844145529	0.00943708337193606	0.244313722380823	0.489253960891151	0.0269813550085344	0.0219035724849991	0.53460682866654	0.0132541702975997	0.296411423990961	0.10549309912007
26.6666666666667	0.0796420498500141	0.0133326571287942	0.00927607527953708	0.245249755923477	0.491126027976459	0.0265806159079336	0.0215717356054143	0.537252986279614	0.0129893711789667	0.297095401743714	0.104571226293031
26.8333333333333	0.0784182277268418	0.0130798792925313	0.00911633093934374	0.246173741016585	0.492973998162675	0.0261853694745877	0.021242768511994	0.539866576113152	0.01272741561647	0.297780501970195	0.103656164755276
27	0.0772179840221089	0.0128289886468501	0.008958166020459	0.247084250555661	0.494795017240828	0.0257957976118961	0.0209171218857864	0.542446669785343	0.0124686373586621	0.298467511182056	0.102748857560014
27.1666666666667	0.0760410973255634	0.0125803072025479	0.00880188018074386	0.247979934621444	0.496586385372393	0.0254120682587287	0.0205952224236339	0.544992427016923	0.0122133528584394	0.299157173857219	0.101850183558757
27.3333333333333	0.0748873321268016	0.0123341412401333	0.00864775706681731	0.248859520479891	0.498345557089288	0.0250343353894261	0.0202774728381733	0.547503095631174	0.0119618612730423	0.299850192439876	0.100960957401323
27.5	0.0737564388152686	0.0120907813098264	0.00849606431405637	0.249721812582185	0.500070141293876	0.0246627390137989	0.0199642518578357	0.549978011553922	0.0117144444640551	0.300547227340493	0.100081929535833
27.6666666666667	0.0726481536802576	0.011850502231559	0.00834705354659609	0.250565692564729	0.501757901258964	0.0242974051771286	0.0196559142268467	0.552416598813542	0.0114713669974059	0.301248896935808	0.0992137862087169
27.8333333333333	0.0715621989109107	0.0116135630949739	0.00820096037732952	0.251390119249149	0.503406754627804	0.0239384459601668	0.019352790705226	0.554818369540952	0.011232876143367	0.301955777568829	0.0983571494647068
28	0.0704982825962183	0.0113802072594257	0.00805800440790772	0.252194128642294	0.505014773414093	0.0235859594791357	0.019055188068788	0.557182923969617	0.0109992018765543	0.302668403548837	0.0975125771468411
28.1666666666667	0.0694560987250194	0.0111506623539802	0.00791838922873978	0.252976833936233	0.506580184001972	0.023240029885728	0.0187633891091411	0.559509950435549	0.010770556875928	0.303387267151385	0.0966805628964633
28.3333333333333	0.0684353271860014	0.0109251402774147	0.00778230241899282	0.25373742550826	0.508101367146026	0.0229007273671066	0.0184776526336884	0.561799225377304	0.0105471365247919	0.304112818618297	0.095861536153222
28.5	0.0674356337677004	0.0107038371982182	0.00764991554659196	0.25447517092089	0.509576857971285	0.0225681081459053	0.018198213465627	0.564050613335984	0.010329118910794	0.304845466157668	0.0950558621550711
28.6666666666667	0.0664566701585008	0.0104869335545907	0.00752138416822033	0.255189414921859	0.511005345973224	0.0222422144802279	0.0179252824439487	0.566264066955239	0.010116664825926	0.305585575943868	0.0942638419382693
28.8333333333333	0.0654980739466357	0.0102745940544439	0.0073968478293191	0.255879579444128	0.512385675017761	0.0219230746636489	0.0176590464234394	0.568439626981262	0.00990991776652366	0.306333472117536	0.0934857123373809
29	0.0645594686201866	0.0100669676754009	0.00727643006408745	0.256545163605877	0.51371684334126	0.0216107030252131	0.0173996682746794	0.570577422262795	0.00970900393326675	0.307089436785583	0.0927216459852752
29.1666666666667	0.0636404635670836	0.00986418766479637	0.00716023839548256	0.257185743710512	0.514998003550529	0.0213050999294359	0.0171472868840435	0.572677669751122	0.00951403223117883	0.307853710021192	0.0919717513131266
29.3333333333333	0.0627406540751052	0.00966637153967615	0.00704836433521964	0.257800973246658	0.516228462622821	0.021006251776303	0.0169020171537007	0.574740674500077	0.00932509426962745	0.308626489863819	0.0912360725504146
29.5	0.0618596213318784	0.00947362108679769	0.00694088338377193	0.258390582888163	0.517407681905831	0.0207141310012707	0.0166639500016145	0.576766829666038	0.0091422643623241	0.30940793231919	0.0905145897249243
29.6666666666667	0.0609969324248789	0.00928602236262986	0.00683785503037067	0.258954380494098	0.518535277117701	0.0204286960752657	0.0164331523615426	0.578756616507927	0.00896559952732417	0.310198151359304	0.0898072186627454
29.8333333333333	0.0601521403414308	0.00910364569335295	0.00673932275300511	0.259492251108756	0.519611018347018	0.0201498915046849	0.0162096671830371	0.580710604387214	0.00879513948702703	0.310997218922432	0.0891138109882732
30	0.0593247839687066	0.00892654567485871	0.00664531401842255	0.260004156961653	0.520634830052812	0.0198776478313961	0.0159935134314445	0.582629450767916	0.00863090666817595	0.311805164913115	0.0884341541242079
30.1666666666667	0.0585143880937276	0.00875476117275032	0.00655584028212828	0.260490137467525	0.521606791064557	0.0196118816327372	0.0157846860879057	0.584513901216594	0.00847290620185815	0.312621977202168	0.0877679712915551
30.3333333333333	0.0577204634033633	0.00858831532234239	0.0064708969883856	0.260950309226333	0.522527134582172	0.0193524955215166	0.0155831561493558	0.586364789402355	0.00832112592350476	0.313447601626677	0.0871149215096254
30.5	0.0569425064843319	0.008427215528661	0.00639046357021586	0.261384866023258	0.523396248176022	0.0190993781460134	0.0153888706285243	0.588183037096851	0.00817553637289089	0.314281941989999	0.0864745995960346
30.6666666666667	0.0561799998232001	0.00827145346644363	0.0063145034493984	0.261794078828705	0.524214673786915	0.0188524041899768	0.0152017525539353	0.589969654174283	0.00803609079413553	0.315124860061764	0.0858465361667037
30.8333333333333	0.055432411806383	0.00812100508013922	0.00624296403647059	0.262178295798299	0.524983107726104	0.0186114343726267	0.0150217009699068	0.591725738611396	0.00790272513570162	0.315976175577872	0.0852301976358589
31	0.0546991967201443	0.00797583058390817	0.00617577673072781	0.26253794227289	0.525702400675286	0.0183763154486533	0.0148485909365516	0.593452476487479	0.00777535805039607	0.316835666240497	0.0846249862160315
31.1666666666667	0.0539797947505963	0.00783587446162229	0.00611285692022346	0.262873520778548	0.526373557686602	0.0181468802082174	0.0146822735297767	0.59515114198437	0.00765389089536967	0.317703067718084	0.084030239918058
31.3333333333333	0.0532736319836997	0.00770106546686483	0.00605410398176896	0.263185611026567	0.526997738182639	0.0179229474769499	0.0145225758412832	0.596823097386451	0.00753820773211717	0.318578073645348	0.0834452325510802
31.5	0.0525801204052636	0.00757131662293051	0.00599940128093374	0.263474869913461	0.527576255956428	0.0177043221159527	0.014369300978567	0.598469793080651	0.00742817532647726	0.31946033562328	0.0828691737225448
31.6666666666667	0.0518986579009459	0.00744652522282546	0.00594861617204526	0.263742031520969	0.528110579171444	0.0174907950217977	0.014222228064918	0.600092767556444	0.00732364314863255	0.320349463219137	0.0823012088382038
31.8333333333333	0.0512286282562527	0.00732657282926727	0.00590159999818899	0.26398790711605	0.528602330361606	0.0172821431265274	0.0140811122394207	0.60169364740585	0.00722444337310958	0.321245023966454	0.0817404191021145
32	0.0505694011565389	0.00721132527468495	0.00585818809120842	0.264213385150887	0.529053286431279	0.0170781293976547	0.0139456846569537	0.603274147323436	0.00713039087877884	0.322146543365032	0.0811858215166393
32.1666666666667	0.0499203321870078	0.00710063266121897	0.00581819977170504	0.264419431262883	0.529465378655272	0.0168785028381632	0.0138156524881902	0.604836070106313	0.00704128324885474	0.323053504880948	0.0806363688824456
32.3333333333333	0.0492807628327111	0.00699432936072123	0.00578143834903839	0.264607088274666	0.529840692678838	0.0166829984865065	0.0136906989195976	0.606381306654139	0.00695690077089562	0.323965349946549	0.0800909497985061
32.5	0.0486500204785491	0.00689223401475506	0.00574769112132599	0.264777476194084	0.530181468517674	0.016491337416609	0.0135704831534377	0.607911835969118	0.00687700643680376	0.324881477960455	0.0795483886620987
32.6666666666667	0.0480274184092708	0.00679414953459527	0.00571672937544342	0.264931792214209	0.530490100557923	0.0163032267378655	0.0134546404077668	0.609429725155999	0.00680134594282539	0.325801246287555	0.0790074456688066
32.8333333333333	0.0474122558094734	0.00669986310122806	0.00568830838702423	0.265071310713333	0.530769137556171	0.016118359595141	0.0133427819164352	0.610937129422079	0.00672964768955064	0.326723970259013	0.0784668168125178
33	0.0468038177636027	0.00660914616535109	0.00566216742046003	0.265197383254972	0.53102128263945	0.0159364151687713	0.013234494929088	0.612436292077197	0.00666162278191359	0.327648923172263	0.0779251338854257
33.1666666666667	0.0462013752559532	0.00652175444737347	0.00563802972890041	0.265311438587864	0.531249393305234	0.0157570586745625	0.0131293427111643	0.613929544533742	0.00659696502919227	0.328575336291012	0.077380964478029
33.3333333333333	0.0456041851706676	0.00643742793741575	0.00561560255425301	0.26541498264597	0.531456481421445	0.015579941363791	0.0130268645438977	0.615419306306647	0.00653535094500861	0.329502398845237	0.0768328119791313
33.5	0.0450114930664435	0.00635589237365088	0.00559457869900017	0.265509592255747	0.531645700640999	0.0154047022503045	0.0129265779959544	0.616908072851747	0.00647644142926339	0.330429259909663	0.0762791225246709
33.6666666666667	0.0444225636982982	0.00627687550405493	0.00557465381618264	0.265596845916192	0.531820207961889	0.0152309871086284	0.0128280039114549	0.618398281787707	0.00641990026942002	0.331355049066974	0.0757183614348441
33.8333333333333	0.0438367115393351	0.0062001233481578	0.00555554369938324	0.265678254578878	0.531983025287262	0.0150584674720727	0.0127306913979948	0.619892179117944	0.00636541264178837	0.332278897071035	0.0751490896512281
34	0.0432533035554492	0.00612540167538419	0.0055369858545436	0.265755255355231	0.532137026839968	0.0148868423598327	0.0126342200982837	0.621391807068986	0.00631268679345966	0.333199937725357	0.0745699706856112
34.1666666666667	0.0426717592053274	0.00605249600505359	0.00551873949996414	0.265829211516531	0.532284939162568	0.0147158382769887	0.0125382001901449	0.622899004090473	0.00626145404230646	0.334117307883108	0.0739797706199919
34.3333333333333	0.0420915504404483	0.00598121160638029	0.00550058556630407	0.26590141249391	0.532429341117326	0.0145452092145066	0.0124422723865155	0.624415404855155	0.00621146877698268	0.335030147447103	0.0733773581065795
34.5	0.0415122017050822	0.00591137349847337	0.00548232669658137	0.265973073878353	0.532572663886212	0.0143747366492371	0.0123461079354464	0.62594244025889	0.00616250845692359	0.335937599369811	0.072761704367794
34.6666666666667	0.0409332899362913	0.00584282645033672	0.00546378724617282	0.2660453374207	0.532717190970905	0.0142042295439163	0.0122494086201022	0.627481337420651	0.0061143736123458	0.33683880965335	0.0721318831962659
34.8333333333333	0.0403544445639296	0.00577543498086902	0.00544481328281401	0.266119271031641	0.532865058192787	0.0140335243471655	0.0121519067587613	0.629033119682518	0.00606688784424728	0.337732927349491	0.0714870709548364
35	0.0397753475106426	0.00570908335886374	0.00542527258659929	0.266195868781721	0.533018253692948	0.0138624849934914	0.0120533652048159	0.630598606609683	0.00601989782440732	0.338619104559655	0.0708265465765573
35.1666666666667	0.0391957331918678	0.00564367560300917	0.0054050546499818	0.266276050901339	0.533178617932183	0.0136910029032855	0.011953577346772	0.632178413990449	0.00597327329538661	0.339496496434917	0.070149691564691
35.3333333333333	0.0386153885158345	0.00557913548188837	0.00538407067777351	0.266360663780745	0.533347843690995	0.0135189969828248	0.0118523671082492	0.633772953836229	0.00592690707052714	0.340364261175999	0.0694559899927106
35.5	0.0380341528835636	0.0055154065139792	0.00536225358714511	0.266450479970043	0.533527476069592	0.0133464136242715	0.0117495889479811	0.635382434381546	0.00588071503395226	0.341221560033278	0.0687450285042996
35.6666666666667	0.0374519181888679	0.00545245196765435	0.00533955800762615	0.266546198179191	0.533718912487888	0.013173226705673	0.0116451278598148	0.637006860084035	0.0058346361405667	0.34206755730678	0.0680164963133526
35.8333333333333	0.0368686288183519	0.00539025486118126	0.00531596028110493	0.266648443277999	0.533923402685504	0.0129994375909618	0.0115388993727116	0.63864603162444	0.00578863241605649	0.342901420346185	0.0672701852039743
36	0.0362842816514118	0.0053288179627222	0.00529145846182854	0.266757766296131	0.534142048721767	0.0128250751299557	0.0114308495507461	0.640299545906617	0.00574268895688905	0.34372231955082	0.0665059895304803
36.1666666666667	0.0356989260602358	0.00526816379033422	0.00526607231640287	0.266874644423102	0.534375804975709	0.0126501956583578	0.0113209549931069	0.641966796057532	0.00569681393031312	0.344529428369668	0.0657239062173969
36.3333333333333	0.0351126639098037	0.00520833461196918	0.0052398433237926	0.266999481008283	0.534625478146071	0.0124748829977562	0.0112092228340964	0.643646971427261	0.00565103857435882	0.34532192330136	0.0649240347594607
36.5	0.034525649557887	0.00514939244547373	0.0052128346753212	0.267132605560895	0.534891727251296	0.0122992484556244	0.0110956907431307	0.645339057588993	0.00560541719783757	0.34609898389418	0.0641065772216193
36.6666666666667	0.0339380898550491	0.00509141905858932	0.00518513127467091	0.267274273750016	0.535175063629537	0.0121234308253211	0.0109804269247397	0.647041836339023	0.0055600271803422	0.346859792746062	0.0632718382390307
36.8333333333333	0.0333502441446452	0.00503451596895218	0.00515683973788278	0.267424667404573	0.535475850938652	0.01194759638609	0.0108635301185671	0.648753885696761	0.00551496897224684	0.347603535504593	0.0624202250170636
37	0.0327624242628221	0.00497880444409337	0.00512808839335665	0.267583894513349	0.535794305156204	0.0117719389030603	0.0107451295993703	0.650473579904726	0.00547036609470698	0.348329400867009	0.0615522473312972
37.1666666666667	0.0321749945385186	0.00492442550143872	0.00509902728185114	0.267751989224979	0.536130494579464	0.0115966796272463	0.0106253851770204	0.652199089428546	0.00542636513965948	0.3490365805802	0.0606685175275216
37.3333333333333	0.0315883717934649	0.00487153990830886	0.00506982815648366	0.267928911847951	0.536484339825408	0.0114220672955473	0.0105044871965026	0.653928380956963	0.00538313576982252	0.349724269440704	0.0597697505217373
37.5	0.0310030253421834	0.00482032818191923	0.00504068448273041	0.268114548850607	0.536855613830719	0.0112483781307483	0.0103826565379155	0.655659217401827	0.00534087071869565	0.350391665294714	0.0588567638001554
37.6666666666667	0.0304194769919881	0.00477099058938006	0.00501181143842639	0.26830871286114	0.537243941851785	0.0110759158415191	0.0102601446164717	0.657389157898099	0.00529978579055976	0.351037969038072	0.0579304774191978
37.8333333333333	0.0298383010429846	0.00472374714769637	0.00498344591376537	0.268511142667598	0.537648801464702	0.0109050116224147	0.0101372333824974	0.659115557803851	0.00526011986047709	0.351662384616271	0.056991914005497
38	0.0292601242880704	0.00467883762376799	0.00495584651129992	0.268721503217882	0.53806952256527	0.0107360241538757	0.0100142353214327	0.660835568700265	0.00522213487429122	0.352264119024457	0.0560421987558959
38.1666666666667	0.028685626012935	0.00463652153438954	0.0049292935459414	0.268939385619746	0.538505287368998	0.0105693396022275	0.00989149345383151	0.662546138391635	0.0051861158486271	0.352842382307426	0.0550825594374483
38.3333333333333	0.0281155379960592	0.00459707814625043	0.00490408904495997	0.269164307140796	0.538955130411099	0.0104053716196809	0.00976938133536135	0.664244010905364	0.005152370870891	0.353396387559625	0.0541143263874185
38.5	0.0275506445087158	0.00456080647593489	0.00488055674798456	0.269395711208493	0.539417938546492	0.0102445613443319	0.00964830305680363	0.665925726491966	0.00512123109927057	0.353925350925154	0.0531389325132814
38.6666666666667	0.0269917823149696	0.00452802528992191	0.00485904210700289	0.269632967410149	0.539892450949803	0.0100873774001617	0.00952869324405351	0.667587621625066	0.00509305076273479	0.354428491597763	0.0521579132927226
38.8333333333333	0.0264398406716768	0.00449907310458532	0.00483991228636149	0.26987537149293	0.540377259115365	0.00993431589703672	0.00941101705811991	0.669225829001399	0.00506820716103398	0.354905031820853	0.0511729067736383
39	0.0258957613284855	0.00447430818619372	0.00482355616276565	0.270122145363856	0.540870806857217	0.0097859004307086	0.00929577019512551	0.670836277540812	0.00504710066469984	0.355354196887477	0.0501856535741353
39.1666666666667	0.0253605385278357	0.0044541085509105	0.00481038432527948	0.270372437089798	0.541371390309102	0.00964268208281418	0.00918347888630679	0.672414692386261	0.00503015471504538	0.35577521514034	0.0491979968825311
39.3333333333333	0.0248352190049589	0.00443887196479387	0.00480082907532586	0.270625320897483	0.541877157924471	0.00950523942087551	0.00907469989801398	0.673956594903812	0.00501781582416499	0.356167317971797	0.0482118824573537
39.5	0.0243209019878786	0.00442901594379683	0.00479534442668647	0.270879797173488	0.542386110476483	0.00937417849829986	0.00897002053171109	0.675457302682644	0.00501055357493439	0.356529739823854	0.0472293586273418
39.6666666666667	0.0238187391974101	0.00442497775376717	0.00479440610550175	0.271134792464246	0.542896101057999	0.0092501328543797	0.00887005862397591	0.676911929535045	0.00500886062101066	0.356861718188169	0.0462525762914447
39.8333333333333	0.0233299348471602	0.00442721441044747	0.00479851155027098	0.271389159476042	0.543404835081589	0.00913376351429274	0.00877546254649998	0.678315385496414	0.00501325268683223	0.357162493606053	0.0452837889188224
40	0.0228557456435277	0.00443620267947514	0.00480817991185219	0.271641677075012	0.543909870279529	0.00902575898910187	0.00868691120608863	0.67966237682526	0.00502426856761886	0.357431309668465	0.0443253525488455
40.1666666666667	0.022397480785703	0.00445243907638234	0.00482395205346221	0.271891050287147	0.5444086167038	0.00892683527575523	0.00860511404466096	0.680947406003204	0.00504247012937168	0.357667413016017	0.0433797257910952
40.3333333333333	0.0219565019656685	0.00447643986659607	0.00484639055067667	0.272135910298293	0.544898336726092	0.00883773585708613	0.00853081103924982	0.682164771734975	0.00506844230887316	0.357870053338972	0.0424494698253632
40.5	0.0215342233681982	0.0045087410654381	0.00487607969142997	0.272374814454146	0.545376145037797	0.00875923170181313	0.00846477270200187	0.683308568948416	0.00510279311368712	0.358038483377246	0.041537248401652
40.6666666666667	0.0211321116708579	0.00454989843812501	0.00491362547601531	0.272606246260255	0.545839008650016	0.00869212126454	0.0084078000801775	0.684372688794477	0.00514615362215872	0.358171958920404	0.0406458278401748
40.8333333333333	0.0207516860440051	0.00460048749976817	0.00495965561708468	0.272828615382025	0.546283746893556	0.00863723048575568	0.0083607247561509	0.685350818647222	0.00519917798341449	0.358269738807662	0.0397780770313551
41	0.0203945181507891	0.00466110351537375	0.00501481953964886	0.273040257644712	0.54670703141893	0.00859541279183439	0.00832440884741003	0.686236442103823	0.00526254341736229	0.35833108492789	0.0389369674358274
41.1666666666667	0.0200622321471512	0.00473236149984272	0.00507978838107742	0.273239435033426	0.547105386196357	0.00856754909503551	0.0082997450065566	0.687022838984565	0.00533695021469133	0.358355262219607	0.0381255730844366
41.3333333333333	0.0197565046818241	0.00481489621797084	0.00515525499109872	0.273424335693128	0.547475187515762	0.00855454779350366	0.00828765642130612	0.68770308533284	0.00542312173687217	0.358341538670984	0.0373470705782383
41.5	0.0194790648963325	0.00490936218444867	0.0052419339317999	0.273593073928635	0.547812663986776	0.00855734477126865	0.00828909681448785	0.688270053415153	0.00552180441615673	0.358289185319843	0.0366047390884986
41.6666666666667	0.0192316944249929	0.00501643366386157	0.0053405614776269	0.273743690204616	0.548113896538737	0.00857690339824553	0.00830505044404483	0.688716411721122	0.00563376775557827	0.358197476253658	0.0359019603566945
41.8333333333333	0.0190162114034147	0.0051367972449612	0.00545188797005134	0.27387416745391	0.548374851037325	0.00861420523381399	0.00833652343295201	0.689034685821664	0.00575979604093897	0.358065704041551	0.0352421988450755
42	0.0188342945620154	0.00527107015765205	0.00557659371890656	0.273982610469027	0.54859173706756	0.00867014776619231	0.00838444839831573	0.689217927809151	0.00590059717267319	0.357893349486257	0.0346287833928479
42.1666666666667	0.0186873073195356	0.00541971858997798	0.00571520490372353	0.274067425293648	0.548761366716801	0.00874544215181122	0.00844958908047324	0.689260385737542	0.00605671149771079	0.357680251376095	0.0340646888723588
42.3333333333333	0.0185762817915398	0.00558305026239373	0.00586808592839783	0.274127335530938	0.548881187191381	0.00884060391889342	0.00853253167291083	0.689157564480586	0.00622850352146462	0.357426621916958	0.033552516339658
42.5	0.018501918790417	0.00576121442776491	0.00603543942118961	0.27416138234355	0.548949280816606	0.0089559529674535	0.0086336848222638	0.688906225731814	0.00641616190783063	0.357133046732319	0.0330944930344981
42.6666666666667	0.0184645878253803	0.005954201871368	0.0062173062347236	0.274168924453626	0.548964365036758	0.00909161356929801	0.0087532796283165	0.688504388004547	0.00661969947918773	0.356800484863229	0.0326924723803344
42.8333333333333	0.0184643271024671	0.00616184491089035	0.00641356544598911	0.274149638142793	0.548925792415092	0.00924751436802539	0.0088913696440023	0.687951326631891	0.00683895321639793	0.356430268768315	0.0323479339843252
43	0.018500843524539	0.0063838173964302	0.00662393435634004	0.274103517252167	0.548833550633839	0.00942338837902607	0.00904783087540363	0.687247573766738	0.00707358425880627	0.356024104323782	0.0320619836373316
43.1666666666667	0.0185735126912818	0.00661963471049663	0.00684796849149485	0.274030873182349	0.548688262494203	0.00961877298948234	0.00922236178175191	0.686394918381767	0.00732307790424077	0.355584070823414	0.0318353533139173
43.3333333333333	0.0186813788992058	0.00686865376800962	0.00708506160153659	0.273932334893428	0.548491185916362	0.00983300995836846	0.00941448327542763	0.685396406269444	0.00758674360901255	0.355112620978572	0.0316684011723491
43.5	0.0188231551416451	0.00713007301630004	0.00733444566091291	0.273808848904982	0.54824421393947	0.0100652454164506	0.00962353872196031	0.684256340042018	0.00786371498791577	0.354612580918194	0.0315611115545964
43.6666666666667	0.0189972231087584	0.00740293243510958	0.00759519086843601	0.273661679296074	0.547949874721654	0.0103144298662869	0.00984869394002847	0.682980279131529	0.00815294981422757	0.354087150188798	0.0315130949863314
43.8333333333333	0.0192016331875285	0.00768611353659084	0.00786620564728267	0.273492407705255	0.547611331540016	0.0105793181822274	0.0100889372014597	0.6815750397898	0.00845323001970816	0.353539901754475	0.0315235881769292
44	0.0194341044617625	0.0079783393653073	0.0081462366449943	0.273302933330563	0.547232382790631	0.010858469610414	0.0103430792312306	0.680048695088442	0.00876316169460082	0.3529747819969	0.0315914540194678
44.1666666666667	0.0196920247120917	0.00827817449823327	0.00843386873347682	0.273095472929522	0.54681746198855	0.0111502477687806	0.0106097532074669	0.67841057491885	0.00908117508763179	0.35239611071532	0.0317151815907278
44.3333333333333	0.0199724504159715	0.00858402504475399	0.00872752500900077	0.272872560819146	0.546371637767798	0.0114528206470531	0.0108874147614431	0.67667126599221	0.00940552460601042	0.351808581126563	0.0318928861511928
44.5	0.0202721067476819	0.00889413864666553	0.00902546679220128	0.272637048875934	0.545900613881373	0.0117641606067492	0.011174341977583	0.674842611839489	0.00973428881542908	0.351217259865033	0.032122309145049
44.6666666666667	0.0205873875783267	0.00920660447817485	0.00932579362807802	0.272392106535871	0.545410729201248	0.0120820443811785	0.0114686353934594	0.672937712811444	0.0100653704400631	0.350627586982714	0.0324008182001856
44.8333333333333	0.0209143554758343	0.00951935324589977	0.00962644328599528	0.272141220794433	0.544908957718372	0.0124040530754428	0.011768217999794	0.670970926078617	0.010396496362571	0.350045375949165	0.0327254071281945
45	0.0212487417049571	0.00983015718886901	0.00992519175968192	0.27188819620658	0.544402908542666	0.0127275721664355	0.0120708352404577	0.668957865631335	0.0107252176240942	0.349476813651524	0.0330926959243705
45.1666666666667	0.0215859462272719	0.0101366300785221	0.0102196532672314	0.271637154886761	0.543900825903027	0.013049791502842	0.0123740550124702	0.666915402279715	0.0110489094242572	0.348928460394507	0.0334989307677111
45.3333333333333	0.0219210377011797	0.0104362272187096	0.0105072802511016	0.271392536508909	0.543411589147325	0.0133677053051399	0.0126752676660004	0.664861663653657	0.0113647711211676	0.348407249900407	0.0339399840209167
45.5	0.0222487534819056	0.0107262454456927	0.0107853633781153	0.271159098306449	0.542944712742404	0.0136781121655984	0.0129716860043663	0.662816034202848	0.011669826231416	0.347920489309095	0.0344113542303905
45.6666666666667	0.0225634996214992	0.0110038231281437	0.0110510315394596	0.270941915072289	0.542510346274084	0.0139776150482787	0.0132603452840348	0.660799155196762	0.0119609224300758	0.347475859178019	0.0349081661262385
45.8333333333333	0.0228593508688341	0.0112659401671456	0.0113012518506862	0.270746379158827	0.542119274447159	0.014262621289034	0.0135381032146219	0.65883292472466	0.0122347315507039	0.347081413482206	0.0354251706222694
46	0.0231300506696082	0.0115094179961923	0.0115328296517115	0.270578200477945	0.541782917085396	0.0145293425955095	0.0138016399588925	0.656940497695587	0.01248774958534	0.346745579614261	0.0359567448159949
46.1666666666667	0.0233690111663438	0.0117309195811888	0.0117424085068164	0.270443406501016	0.541513329131538	0.0147737950471422	0.0140474581327607	0.655146285838377	0.0127162966845066	0.346477158384364	0.0364968919886294
46.3333333333333	0.0235693131983872	0.0119269494204506	0.0119264702046464	0.270348342258898	0.541323200647302	0.014991799095161	0.0142718828052896	0.653475957701649	0.0129165171572097	0.346285324020275	0.03703924160509
46.5	0.0237237063019092	0.0120938535447043	0.0120813347582116	0.270299670341935	0.541225856813377	0.0151789795625869	0.0144710614986913	0.651956438653808	0.0130843794709379	0.346179624167331	0.037577049313997
46.6666666666667	0.0238246087099045	0.0122278195170873	0.0122031604048866	0.270304370899962	0.541235257929429	0.0153307656442326	0.0146409641883269	0.650615910883046	0.0132156762516632	0.346169979888448	0.038103196947673
46.8333333333333	0.0238641073521923	0.0123248764331481	0.0122879436064107	0.270369741642296	0.541365999414097	0.0154423909067029	0.0147773833027066	0.649483813397341	0.0133060242838405	0.346266685664117	0.0386101925221437
47	0.0238339578554161	0.0123808949208456	0.0123315190488877	0.270503397837745	0.541633311804996	0.0155088932883945	0.0148759337234897	0.648590842024458	0.0133508645104075	0.346480409392409	0.0390901702371377
47.1666666666667	0.0237255845430433	0.0123915871405501	0.012329559642786	0.270713272314604	0.542053060758714	0.015525115099496	0.0149320527854842	0.647968949411947	0.0133454620327854	0.346822192388971	0.0395348904760861
47.3333333333333	0.0235300804353659	0.0123525067850423	0.0122775765229385	0.271007615460653	0.542641747050812	0.015485703021988	0.0149410002766475	0.647651345027145	0.0132849061108781	0.34730344938703	0.0399357398061231
47.5	0.0232382072495	0.0122590490795142	0.0121709190485429	0.271394995223161	0.543416506575828	0.0153851081096428	0.014897858438086	0.647672495157177	0.0131641101630725	0.347935968537388	0.0402837309780855
47.6666666666667	0.0228403953993858	0.0121064507815684	0.0120047748031612	0.271884297108884	0.544395110347273	0.0152175857880249	0.0147975319640549	0.648068122908951	0.0129778117662388	0.348731911408427	0.0405695029265131
47.8333333333333	0.022326743995788	0.0118897901812184	0.0117741695947202	0.272484724184063	0.545595964497632	0.0149771958544907	0.0146347480019586	0.648875208209164	0.0127205726557301	0.349703812986105	0.0407833207696484
48	0.0216870208462953	0.0116039871008886	0.0114739674555111	0.273205797074429	0.547038110278365	0.0146578024781883	0.0144040561523505	0.650131987804299	0.0123867787253825	0.350864581673959	0.0409150758094366
48.1666666666667	0.0209106624553209	0.0112438028954143	0.01109887064219	0.2740573539652	0.548741224059905	0.014253074200058	0.0140998284689331	0.651877955260624	0.0119706400275153	0.352227499293102	0.040954285531526
48.3333333333333	0.019986774024102	0.0108038404520418	0.0106434196357772	0.275049550601078	0.550725617331662	0.0137564839328318	0.0137162594585578	0.654153860964195	0.0114661907729305	0.353806221082226	0.0408900936052675
48.5	0.0189041294507001	0.0102785441904279	0.0101019931416577	0.276192860286256	0.553012236702018	0.0131613089610338	0.0132473660812251	0.657001712120853	0.0108672893309134	0.355614775697602	0.0407112698837147
48.6666666666667	0.017651171330001	0.00966220006264073	0.00946880808958119	0.277498073884412	0.55562266389833	0.01246063094098	0.0126869877500846	0.660464772756225	0.0101676182292323	0.357667565213076	0.0404062104036244
48.8333333333333	0.0162160109537147	0.00894893555315896	0.00873791963366189	0.278976299818712	0.55857911576693	0.0116473359007782	0.0120287863314348	0.664587563715727	0.00936068415413868	0.359979365120072	0.0399629373854558
49	0.0145864283103754	0.00813271967887222	0.00790322115237853	0.280638964071808	0.561904444273122	0.0107141142403283	0.0112662461447233	0.669415862664558	0.00843981795036669	0.362565324327594	0.0393690992333711
49.1666666666667	0.0127498720853417	0.00720736298908111	0.00695844424857451	0.282497810185841	0.565622136501188	0.00965346073132199	0.0103926739625468	0.674996704087705	0.00739817462113385	0.365440965162222	0.0386119705352353
49.3333333333333	0.0106934596607963	0.006166517565497	0.00589715874945778	0.284564899262438	0.569756314654381	0.00845767451724302	0.00940119901065094	0.681378379289942	0.00622873332814055	0.368622183368113	0.0376784520626163
49.5	0.00840397711574605	0.00500367702224211	0.00471277270660078	0.286852609962712	0.57433173605493	0.00711885911336691	0.00828477296793034	0.688610436395828	0.00492429739157023	0.372125248107004	0.0365550707707846
49.6666666666667	0.00586787922602233	0.00371217650584969	0.00339853239594073	0.289373638507266	0.579373793144038	0.00562892240676131	0.00703616996642885	0.696743680349709	0.00347749429008948	0.375966801958207	0.0352279797987136
49.8333333333333	0.00307128946428049	0.0022851926952637	0.00194752231777924	0.292140998676188	0.584908513481882	0.00397957665628562	0.00564798659133917	0.705830172915718	0.0018807756608478	0.380163860918613	0.0336829584690796
50	1.11022302462516e-16	0.000715743801838972	0.00035266519678253	0.295168021809055	0.590962559747615	0.00216233849259117	0.00411264188100305	0.715923232677772	0.000126417299477703	0.384733814402692	0.0319054122882616
