Time	E	B	G	F	I	J	C	H	K	D	A
0	0.0298448619781028	0.00820536221575103	0.00430623988965432	0.00296125139716347	0.00025941990168986	2.3039296165317e-19	4.33680868994202e-19	0	0.0185405849077273	0.0030888731087606	0.94618790005755
0.166666666666667	0.0288260538695447	0.0160219808297388	0.00441431287988939	0.00606720580131334	0.000267708481177636	1.56062440107237e-05	0.00281455423985999	0.00263344122202706	0.0171607442625898	0.00609132702796119	0.938971672397441
0.333333333333333	0.0282682499902746	0.0233196888379806	0.0046357466071035	0.00913528244752751	0.000331744103734849	6.35549991344567e-05	0.0054189157695713	0.00517147051516388	0.0159833040122056	0.00906549611957757	0.931205285979291
0.5	0.028155279145838	0.0301183954137042	0.00496256246446405	0.0121627462859455	0.00044808210933658	0.000145476127821365	0.00782210917060833	0.00762502105961347	0.0150017271766198	0.0120131297543209	0.92292548637714
0.666666666666667	0.0284711762023826	0.0364376239519531	0.00538698764013921	0.0151469650824698	0.000613359558277672	0.000262912596272043	0.0100329692476962	0.0100046847196603	0.0142095846030201	0.0149359095052207	0.914168122154477
0.833333333333333	0.0292001820866587	0.0422965120695863	0.00590145511729795	0.0180854094187657	0.000824295231172734	0.000417320474437514	0.0120601410288111	0.0123207120436702	0.0136005549657367	0.0178354491476246	0.904968144864245
1	0.0303267437860192	0.0477138116052786	0.00649860367411	0.0209756526922616	0.00107768962895613	0.000610068936019231	0.0139120797651796	0.0145830122640906	0.0131684247662428	0.0207132946591984	0.895359609048836
1.16666666666667	0.0318355143484191	0.0527078886195205	0.00717127788374591	0.0238153711161487	0.001370424972882	0.000842440258469074	0.0155970509312794	0.0168011532974502	0.0129070883331537	0.0235709242199263	0.885375672240095
1.33333333333333	0.0337113528824163	0.0572967233946179	0.00791252811437701	0.0266023437193812	0.00169946520452424	0.00111562982298935	0.0171231302248388	0.0189843617443594	0.0128105478222279	0.0264097482121107	0.875048594959315
1.5	0.0359393245571708	0.0614979104346927	0.00871561052917542	0.0293344523466761	0.00206185598577649	0.00143074611453281	0.0184982035668372	0.0211415228895097	0.0128729132163661	0.0292311092203722	0.864409740717245
1.66666666666667	0.0385047006024451	0.0653286584656822	0.00957398708631402	0.0320096816585136	0.00245472469885219	0.00178881072180261	0.0197299671015044	0.0232811807016744	0.013088402325612	0.0320362820316496	0.853489576014081
1.83333333333333	0.0413929583086044	0.0688057904353394	0.0104813255389665	0.0346261191311365	0.00287528044628452	0.00219075833725235	0.0208259271963212	0.0254115378337079	0.0134513407871517	0.0348264736352	0.842317670339472
2	0.0445897810266161	0.0719457435132331	0.0114314994353074	0.0371819550565509	0.00332081405092641	0.00263743675708605	0.0217934004420193	0.0275404556225464	0.013956162065314	0.0376028232225988	0.830922696172518
2.16666666666667	0.0480810581680502	0.0747645690907477	0.0124185881185119	0.0396754825425255	0.00378869805595057	0.00312960688125817	0.0226395136525811	0.0296754540892073	0.0145974074515703	0.0403664021877393	0.819332428981771
2.33333333333333	0.0518528852050791	0.0772779327810831	0.0134368767267561	0.0421050975125921	0.00427638672484949	0.0036679427134736	0.0233712038652396	0.0318237119387895	0.0153697260645348	0.0431182141268336	0.807573747225231
2.5	0.0558915636704776	0.079501114419255	0.0144808561932169	0.0444692987060454	0.00478141604143538	0.00425303136118765	0.023995218340479	0.0339920665604734	0.0162678748499642	0.0458591948384115	0.795672632350354
2.66666666666667	0.0601836011576231	0.0814490080620949	0.0155452232460718	0.0467666876779431	0.00530140370984025	0.00488537303560605	0.024518114562034	0.0361870140275209	0.0172867185807578	0.0485902123233213	0.783654168794044
2.83333333333333	0.0647157113204953	0.0831361219882496	0.0166248804084994	0.0489959687991057	0.00583404915451586	0.00556538105168498	0.0249462602368902	0.0384147090972751	0.0184212298569578	0.0513120667847295	0.771542543982656
3	0.0694748138736765	0.0845765786981819	0.0177149359986787	0.0511559492561166	0.00637713352023371	0.00629338182813103	0.025285833295284	0.0406809652111608	0.0196664891057487	0.0540254906281209	0.759361048331998
3.16666666666667	0.0744480345923512	0.0857841149141701	0.0188107041297899	0.0532455390513225	0.00692851967208511	0.00706961488740124	0.0255428218907025	0.0429912544946842	0.0210176845814579	0.0567311484612983	0.747132075247327
3.33333333333333	0.0796227053123068	0.0867720815803081	0.0199077047100136	0.0552637510028325	0.00748615219548109	0.00789423285570306	0.0257230243998839	0.0453507077574329	0.0224701123655553	0.0594296370943831	0.734877121123353
3.5	0.0849863639299328	0.0875534438625056	0.0210016634425315	0.057209700744519	0.00804805739615245	0.00876730146299437	0.0258320494228168	0.0477641144930759	0.0240191763666536	0.0621214855398145	0.722616785344238
3.66666666666667	0.0905267544022212	0.0881407811484878	0.0220885118255259	0.0590826067260172	0.00861234330014978	0.0096887995429835	0.0258753157827408	0.0502359228793637	0.0256603883205078	0.0648071550123504	0.710370770283591
3.83333333333333	0.0962318267467666	0.0885462870477958	0.02316438715218	0.0608817902127253	0.00917719965384341	0.0106586190331292	0.0258580525261464	0.0527702397781283	0.027389367790016	0.0674870389290665	0.698157881304478
4	0.102089737041766	0.0887817693917862	0.0242256325106778	0.0626066752858044	0.00974089792392343	0.0116765649746406	0.0257852989227747	0.055370830735283	0.0292018421652187	0.0701614629093571	0.68599602675941
4.16666666666667	0.108088847426019	0.0888586502336311	0.0252687967842038	0.0642567888421784	0.0103017912973997	0.0127423555124773	0.0256619044656178	0.0580411199808228	0.0310936466632989	0.0728306847749345	0.673902217990355
4.33333333333333	0.114217726098926	0.0887879658483186	0.0262906346509437	0.0658317605945344	0.0108583146816018	0.0138556218953494	0.0254925288709184	0.0607841904288239	0.0330607243285825	0.0754948945498293	0.661892569328728
4.5	0.120465147320494	0.0885803667326522	0.0272881065840838	0.0673313230713223	0.0114089847041793	0.0150159084757173	0.02528164207817	0.063602783677444	0.035099126032538	0.0781542144603904	0.649982298095397
4.66666666666667	0.126820091411328	0.0882461176052512	0.0282583788518111	0.0687553116167549	0.0119523997131011	0.0162226727097919	0.0250335242501172	0.0664993000089223	0.0372050104737763	0.0808086989352848	0.638185724600682
4.83333333333333	0.133271744752637	0.0877950974065505	0.0291988235173136	0.0701036643908078	0.0124872397766562	0.0174752851575346	0.024752265772755	0.0694757983895796	0.0393746441780513	0.0834583346054979	0.626516272144351
5	0.139809499786234	0.0872367992988006	0.0301070184387798	0.0713764223692199	0.0130122666834533	0.018773029482657	0.0244417672553295	0.0725339964698177	0.0416044014982593	0.0861030403043332	0.614986467015627
5.16666666666667	0.146422955014532	0.0865803306660679	0.0309807472693993	0.0725737293434927	0.0135263239424208	0.0201151024526213	0.0241057395303374	0.0756752705841204	0.0438907646144393	0.0887426670674124	0.603607938493181
5.33333333333333	0.153101915000548	0.0858344131142341	0.0318179994573623	0.0736958319208908	0.014028336782807	0.0215006139386402	0.0237477036535264	0.0789006557510525	0.0462303235337731	0.0913769981326758	0.592391418845138
5.5	0.159836390367901	0.0850073824709967	0.0326169702458598	0.0747430795244416	0.0145173121541797	0.0229285869156767	0.0233709909038949	0.0822108456732604	0.0486197760905847	0.0940057489403814	0.581346743329072
5.66666666666667	0.166616597800813	0.0841071887858691	0.0333760606730837	0.0757159243929356	0.0149923387264267	0.0243979574624442	0.0229787427836919	0.0856061927374721	0.0510559279463413	0.0966285671331057	0.570482850192009
5.83333333333333	0.173432960044108	0.08314139633018	0.0340938775722266	0.0766149215809262	0.0154525868897555	0.0259075747614066	0.0225739110184175	0.0890867080144969	0.0535356925896523	0.0992450325557437	0.559807780670426
6	0.180276105903211	0.0821171835970741	0.0347692335714818	0.0774407289587295	0.0158973087546933	0.0274562010987783	0.0221592575568226	0.0926520612592255	0.0560560913362701	0.101854657255508	0.549328678990251
6.16666666666667	0.187136870244153	0.0810413433015114	0.0354011470940435	0.0781941072124249	0.0163258381520872	0.0290425118645239	0.0217373545709086	0.0963015809106301	0.0586142533290893	0.10445688548193	0.539051792366866
6.33333333333333	0.194006293993564	0.0799202823802677	0.0359888423581068	0.0788759198438544	0.0167375906331039	0.0306650955523588	0.021310584455928	0.100034254091764	0.0612074155381477	0.107051093686859	0.528982471005098
6.5	0.200875624138678	0.0787600219919346	0.0365317493768673	0.0794871331706232	0.01713206346923	0.0323224537597484	0.0208811398303839	0.103848726609764	0.0638329227606252	0.109636590524463	0.519125168099231
6.66666666666667	0.207736313727332	0.0775661975169193	0.0370295039585217	0.0800288163260992	0.0175088356522717	0.0340130011879089	0.0204510235360304	0.107743302955844	0.0664882276208447	0.112212616851228	0.509483439832999
6.83333333333333	0.214580021867963	0.0763440585574445	0.0374819477062673	0.0805021412594134	0.0178675678943551	0.0357350656418066	0.0200220486378722	0.111715946305304	0.0691708905702716	0.114778345725957	0.500059945379584
7	0.221398613729614	0.0750984689375488	0.0378891280183021	0.0809083827354597	0.018208002627926	0.0374868880301584	0.0195958384241649	0.115764278517522	0.0718785798875141	0.117332882409774	0.490856446901623
7.16666666666667	0.228184160541928	0.0738339067030862	0.0382512980878252	0.0812489183348948	0.0185299640057501	0.0392666223654318	0.0191738264064149	0.119885580135961	0.0746090716783226	0.119875264366118	0.481873809551201
7.33333333333333	0.234928939595151	0.0725544641217265	0.0385689169030362	0.0815252284541386	0.0188333579009126	0.0410723357638444	0.0187572563193794	0.124076790388161	0.0773602498755908	0.122404461260749	0.473112001469858
7.5	0.241625434240132	0.0712638476829552	0.0388426492471355	0.0817388963053736	0.0191181719068187	0.0429020084453644	0.0183471821210663	0.128334507185747	0.0801301062393545	0.124919374961744	0.464570093788582
7.66666666666667	0.248266333888321	0.0699653780980734	0.0390733656983246	0.0818916079165455	0.0193844753371932	0.0447535337337105	0.0179444679927346	0.132654987124424	0.0829167403567923	0.127418839539498	0.456246260627813
7.83333333333333	0.254844534011772	0.0686619903001978	0.0392621426298054	0.0819851521313629	0.0196324192260809	0.0466247180563516	0.0175497883388936	0.137034145483979	0.0857183596422257	0.129901621266725	0.448137779097442
8	0.261353136143141	0.0673562334442609	0.0394102622097809	0.0820214206092971	0.019862236327846	0.0485132809445072	0.0171636277873039	0.14146755622828	0.0885332793371183	0.132366418618456	0.440241029296813
8.16666666666667	0.267785447875686	0.0660502709070107	0.0395192124014546	0.0820024078255827	0.0200742411171728	0.0504168550331473	0.0167862811889766	0.145950452005277	0.091359922510077	0.134811862272042	0.432551494314718
8.33333333333333	0.274134982863269	0.0647458802870111	0.039590686963031	0.0819302110712169	0.0202688297890652	0.0523329860609921	0.0164178536181736	0.150477724146999	0.0941968200568507	0.13723651510715	0.425063760229403
8.5	0.28039546409309	0.0634444679307906	0.0396265748761929	0.0818070243710711	0.020446476504051	0.0542591390337214	0.0160582683640399	0.155043943987523	0.0970426070312092	0.139638877475848	0.417771559371717
8.66666666666667	0.286560859885814	0.0621472287204852	0.0396288440593556	0.0816350715831147	0.0206076920854284	0.0561927660192727	0.0157073548385549	0.159643597360538	0.0998959822845958	0.142017445173486	0.410668246219802
8.83333333333333	0.292625419895687	0.0608553058614803	0.0395994250809206	0.081416539497638	0.0207529827165119	0.0581313739431403	0.0153649364844849	0.164271319096933	0.102755668105782	0.144370767409583	0.403747273293782
9	0.298583678383279	0.0595698054085598	0.0395402005877534	0.0811535717553637	0.0208828461858367	0.0600725307515835	0.015030838767015	0.168921914342748	0.105620406551746	0.146697452077906	0.397002234418914
9.16666666666667	0.304430454215481	0.0582917962659066	0.0394530053051836	0.0808482688474471	0.0209977718871587	0.0620138654116275	0.0147048891737491	0.173590358559181	0.108488959447671	0.148996165756472	0.390426864725588
9.33333333333333	0.310160850865505	0.0570223101871023	0.0393396260370045	0.0805026881154758	0.0210982408194545	0.0639530679110625	0.0143869172147097	0.178271797522584	0.111360108386945	0.151265633707546	0.384015040649331
9.5	0.315770256412885	0.0557623417751272	0.0392018016654736	0.0801188437514699	0.0211847255869212	0.0658878892584443	0.0140767544223382	0.182961547324464	0.114232654731162	0.153504639877641	0.377760779930802
9.66666666666667	0.321254343543478	0.0545128484823603	0.0390412231513121	0.0796987067978818	0.0212576903989766	0.0678161414830942	0.0137742343514945	0.187655094371484	0.117105419610123	0.155712026897521	0.371658241615796
9.83333333333333	0.326609069549463	0.0532747506105793	0.0388595335337054	0.0792442051475967	0.0213175910702593	0.0697356976350987	0.0134791925794576	0.192348095385464	0.119977243921834	0.157886696082196	0.365701726055239
10	0.331830676329339	0.0520489313109608	0.0386583279303028	0.0787572235439316	0.0213648750206284	0.0716444917853101	0.0131914667059251	0.197036377403376	0.122846988332507	0.160027607430927	0.359885674905195
10.1666666666667	0.336915690387927	0.0508362365840801	0.0384391535372176	0.0782396035806365	0.0213999812751637	0.0735405190253457	0.0129108963530132	0.20171593777735	0.125713533276558	0.162133779627222	0.35420467112686
10.3333333333333	0.341860922836371	0.0496374752799111	0.0382035096290268	0.0776931437018936	0.0214233404641657	0.0754218354675884	0.0126373231652571	0.206382944174671	0.128575778956611	0.16420429003884	0.348653438986565
10.5	0.346663469392138	0.0484534190978266	0.0379528475587716	0.0771195992023173	0.0214353748231556	0.0772865582451867	0.0123705908096107	0.211033734577778	0.131432645343493	0.166238274717787	0.343226844055773
10.6666666666667	0.351320710379013	0.047284802586598	0.0376885707579572	0.0765206822269549	0.0214364981928751	0.0791328655120542	0.0121105449754464	0.215664817284266	0.134283072176241	0.168234928400318	0.337919893211086
10.8333333333333	0.355830310727105	0.0461323231443955	0.0374120347365526	0.0758980617712858	0.0214271160192866	0.0809589964428701	0.0118570333745558	0.220272870906887	0.137126018962093	0.170193504506936	0.332727734634235
11	0.360190219972847	0.0449966410187882	0.0371245470829908	0.0752533636812218	0.0214076253535733	0.0827632512330791	0.0116099057411488	0.224854744373546	0.139960464976495	0.172113315142395	0.327645657812088
11.1666666666667	0.364398672258989	0.0438783793067437	0.0368273674641689	0.0745881706531073	0.0213784148521389	0.0845439910988912	0.0113690138318544	0.229407456927304	0.142785409263099	0.173993731095697	0.322669093536646
11.3333333333333	0.368454186334607	0.0427781239546284	0.0365217076254477	0.073904022233719	0.0213398647766078	0.0862996382772818	0.0111342114257201	0.233928198126378	0.145599870633761	0.175834181840091	0.317793613905046
11.5	0.372355565555097	0.0416964237582075	0.0362087313906523	0.0732024148202662	0.0212923469938252	0.0880286760259919	0.0109053543242124	0.23841432784414	0.148402887668546	0.177634155533076	0.313014932319558
11.6666666666667	0.376101897882177	0.0406337903626449	0.0358895546620714	0.0724848016603904	0.0212362249758567	0.0897296486235276	0.0106823003512163	0.242863376269118	0.15119351871572	0.179393199016401	0.308328903487585
11.8333333333333	0.379692555883886	0.0395906982625032	0.0355652454204579	0.0717525928521656	0.0211718537999888	0.0914011613691608	0.0104649093530357	0.247273043904994	0.153970841891759	0.181110917816062	0.303731523421666
12	0.383127196734586	0.0385675848017439	0.0352368237250285	0.0710071553440983	0.0210995801487284	0.0930418805829285	0.0102530431983933	0.251641201570607	0.156733955081342	0.182786976142304	0.299218929439473
12.1666666666667	0.386405762214962	0.0375648501737271	0.034905261713464	0.0702498129351274	0.0210197423098034	0.0946505336056334	0.0100465657784305	0.255965890399949	0.159481975937355	0.184421096889621	0.294787400163813
12.3333333333333	0.389528478712017	0.0365828574212117	0.0345714836019091	0.0694818462746242	0.0209326701761619	0.0962259087988434	0.00984534300670727	0.260245321842171	0.162214041880889	0.186013061636757	0.290433355522627
12.5	0.39249585721908	0.0356219324363551	0.0342363656849725	0.0687044928623923	0.0208386852459732	0.097766855544892	0.00964924281920263	0.264477877661575	0.164929310101241	0.187562710646703	0.286153356748991
12.6666666666667	0.395308693335798	0.0346823639607139	0.0339007363357268	0.067918947048668	0.0207381006226268	0.099272284246878	0.00945813517431419	0.268662109937622	0.167626957555913	0.189069942866699	0.281944106381112
12.8333333333333	0.397968067268144	0.0337644035852431	0.0335653760057086	0.0671263600341198	0.0206312210147331	0.100741166328666	0.00927189205285835	0.272796741064927	0.170306180970615	0.190534715928235	0.277802448262336
13	0.400475343828409	0.0328682657502965	0.0332310172249184	0.0663278398698487	0.0205183427361231	0.102172534234885	0.00909038745807024	0.27688066375326	0.17296619683926	0.191957046147048	0.273725367541139
13.1666666666667	0.402832172435207	0.0319941277456266	0.0328983446018207	0.0655244514573882	0.0203997537058484	0.10356548143093	0.00891349741560378	0.280912941027546	0.175606241423967	0.193337008523125	0.269709990671133
13.3333333333333	0.405040487113476	0.0311421297103849	0.032567994823344	0.0647172165487041	0.0202757334481813	0.104919162402963	0.00874109997353162	0.284892806227867	0.178225570755063	0.194674736740703	0.265753585411064
13.5	0.407102506494472	0.0303123746331212	0.0322405566548807	0.0639071137461947	0.0201465530926148	0.106232792657908	0.00857307520234516	0.288819663009459	0.180823460631078	0.195970423168264	0.261853560824813
13.6666666666667	0.409020733815776	0.0295049283517845	0.0319165709402871	0.0630950785026906	0.0200124753738626	0.107505648723458	0.00840930519495456	0.292693085342713	0.18339920661875	0.197224318858542	0.258007467281393
13.8333333333333	0.410797956921289	0.0287198195537223	0.0315965306018837	0.062282003121455	0.0198737546318589	0.108737068148069	0.00824967406668875	0.296512817513178	0.18595212405302	0.198436733548519	0.254212996454954
14	0.412437248261235	0.0279570397756807	0.0312808806404547	0.0614687367561836	0.0197306368117586	0.109926449500963	0.00809406795529538	0.300278774121555	0.188481548037037	0.199608035659425	0.250467981324779
14.1666666666667	0.413941964892158	0.0272165434038048	0.0309700181352483	0.0606560854110041	0.0195833594639373	0.111073252372128	0.00794237502094089	0.303991040083703	0.190986833442155	0.200738652296741	0.246770396175283
14.3333333333333	0.415315748476927	0.0264982476736384	0.0306642922439769	0.0598448119404772	0.0194321517439914	0.112176997372317	0.00779448544621044	0.307649870630634	0.193467354907934	0.201829069250192	0.243118356596019
14.5	0.416562525284729	0.0258020326701239	0.0303640042028165	0.0590356360495954	0.0192772344127376	0.113237266133049	0.00765029143610796	0.311255691308517	0.195922506842138	0.202879830993758	0.239510119481671
14.6666666666667	0.417686506191076	0.0251277413276026	0.0300694073264073	0.0582292342937843	0.0191188198362136	0.114253701306608	0.00750968721805614	0.314809097978676	0.198351703420739	0.203891540685663	0.235944083032059
14.8333333333333	0.418692186677799	0.0244751794298144	0.0297807070078534	0.0574262400789013	0.0189571119856777	0.115226006566042	0.00737256904189641	0.318310856817591	0.200754378587914	0.204864860168382	0.232418786752137
15	0.419584346833054	0.023844115609898	0.0294980607187228	0.0566272436612366	0.0187923064376086	0.116153946605167	0.00723883517988895	0.321761904316895	0.203129986056044	0.205800509968637	0.228932911451993
15.1666666666667	0.420368051351315	0.0232342813503908	0.0292215780090476	0.0558327921475128	0.0186245903737059	0.117037347138563	0.00710838592671271	0.32516334728338	0.205477999305718	0.206699269297401	0.225485279246848
15.3333333333333	0.421048649533382	0.0226453709832291	0.0289513205073238	0.0550433894948848	0.0184541425808898	0.117876094901575	0.00698112359946538	0.32851646283899	0.20779791158573	0.207561976049895	0.22207485355706
15.5	0.421631775286374	0.0220770416897478	0.0286873019205112	0.05425949651094	0.0182811334513012	0.118670137650314	0.00685695253766341	0.331822698420826	0.210089235913079	0.208389526805588	0.218700739108118
15.6666666666667	0.422123347123732	0.0215289135006805	0.0284294880340338	0.0534815308536982	0.0181057249823016	0.119419484161658	0.00673577910324201	0.335083671781145	0.21235150507297	0.209182876828198	0.215362181930647
15.8333333333333	0.42252956816522	0.0210005692961596	0.0281777967117795	0.0527098670316116	0.0179280707764732	0.120124204233247	0.00661751168055512	0.338301170987358	0.214584271618814	0.209943040065692	0.212058569360406
16	0.422856926136923	0.0204915548057162	0.0279320978960999	0.0519448364035649	0.0177483160416187	0.12078442868349	0.00650206067637546	0.341477154422031	0.216787107872228	0.210671089150286	0.208789430038287
16.1666666666667	0.423112193371248	0.0200013786082803	0.027692213607811	0.0511867271788751	0.0175665975907618	0.121400349351558	0.00638933851989449	0.344613750782887	0.218959605923033	0.211368155398445	0.205554433910319
16.3333333333333	0.423302426806923	0.0195295121321804	0.0274579179461923	0.0504357844172918	0.0173830438421464	0.12197221909739	0.00627925966272242	0.347713259082804	0.221101377629259	0.212035428810882	0.202353392227663
16.5	0.423434967989	0.0190753896551439	0.0272289370889878	0.0496922100289969	0.0171977748192374	0.12250035180169	0.00617174057888821	0.350778148649814	0.223212054617137	0.212674158072558	0.199186257546613
16.6666666666667	0.42351744306885	0.0186384083042969	0.0270049492924049	0.0489561627746048	0.0170109021507204	0.122985122365927	0.0060666997648396	0.353811059127106	0.225291288281109	0.213285650552685	0.1960531237286
16.8333333333333	0.423557739402574	0.0182179301865584	0.0267855874158261	0.0482277598730022	0.0168225293817432	0.12342696474328	0.00596405773825227	0.356814789033942	0.227338750249159	0.21387126865235	0.192954219362772
17	0.423563748133465	0.0178133058229747	0.0265704666936282	0.0475070946875883	0.0166327553975779	0.123826350279047	0.00586373702493121	0.359792169935767	0.229354137501566	0.214432389628408	0.189889835414416
17.1666666666667	0.423543106774476	0.0174238975830545	0.0263592125070017	0.0467942544125149	0.0164416778472813	0.124183766051042	0.00576566214571207	0.362745940614317	0.231337177489649	0.21497036541738	0.186860252873381
17.3333333333333	0.423503175806624	0.0170490818151629	0.0261514629086615	0.046089321680526	0.0162493934549374	0.12449971290055	0.00566975961527037	0.365678735628536	0.23328762860111	0.215486518983078	0.183865736176664
17.5	0.42345103867899	0.0166882488465213	0.0259468686228473	0.0453923745629582	0.0160559980196571	0.124774705432319	0.00557595794212148	0.368593085314577	0.235205280160028	0.215982144316606	0.180906533208405
17.6666666666667	0.423393501808721	0.0163408029832075	0.0257450930453234	0.0447034865697404	0.0158615864155784	0.125009272014565	0.00548418762862063	0.371491415785803	0.237089952426867	0.216458506436356	0.17798287529989
17.8333333333333	0.423337094581029	0.0160061625101553	0.0255458122433784	0.0440227266493941	0.0156662525918662	0.125203954778967	0.00539438117096293	0.374376048932788	0.23894149659847	0.216916841388016	0.175094977229552
18	0.42328806934919	0.0156837596911552	0.0253487149558257	0.043350159189033	0.0154700895727125	0.125359309620675	0.00530647305918335	0.377249202423311	0.24075979480806	0.217358356244561	0.172243037222968
18.1666666666667	0.423252401434545	0.015373040768854	0.0251535025930034	0.0426858440143636	0.0152731894573361	0.125475906198302	0.00522039977715671	0.380112989702364	0.242544760125242	0.217784229106259	0.169427236952864
18.3333333333333	0.4232357891265	0.0150734659647547	0.0249598892367738	0.0420298363896846	0.0150756434199832	0.125554327933928	0.00513609980259771	0.382969419992146	0.244296336556004	0.21819560910067	0.166647741539107
18.5	0.423243653682526	0.0147845094792167	0.0247676016405242	0.0413821870178871	0.0148775417099265	0.125595172013099	0.00505351360706091	0.385820398292067	0.246014499042711	0.218593616382642	0.163904699548713
18.6666666666667	0.423281139328157	0.0145056594914557	0.0245763792291662	0.0407429420404548	0.0146789736514661	0.125599049384828	0.00497258365594072	0.388667725378745	0.247699253464112	0.218979342134318	0.161198242995842
18.8333333333333	0.423353113256994	0.0142364181595437	0.024385974099136	0.0401121430374637	0.0144800276439288	0.125566584761593	0.00489325440847143	0.391513097806008	0.249350636635336	0.219353848565129	0.158528487341802
19	0.423464165630702	0.0139763016204091	0.0241961510183945	0.0394898270275824	0.0142807911616687	0.125498416619339	0.0048154723177272	0.394358107904893	0.250968716307893	0.219718168911799	0.155895531495043
19.1666666666667	0.42361860957901	0.0137248399898368	0.0240066874264271	0.0388760264680717	0.0140813507540666	0.125395197197477	0.00473918583062203	0.397204243783644	0.252553591169673	0.220073307438344	0.153299457811165
19.3333333333333	0.423820481199714	0.0134815773624677	0.0238173734342439	0.0382707692547852	0.0138817920455305	0.125257592498886	0.00466434538790979	0.400052889327719	0.254105390844949	0.220420239436068	0.150740332092909
19.5	0.424073539558673	0.0132460718117992	0.0236280118243794	0.0376740787221685	0.0136821997354954	0.125086282289907	0.00459090342418424	0.402905324199781	0.255624275894373	0.220759911223569	0.148218203590166
19.6666666666667	0.42438126668981	0.013017895390185	0.0234384180508927	0.0370859736432601	0.0134826575984231	0.124881960100352	0.00451881436787897	0.405762723839705	0.25711043781498	0.221093240146735	0.14573310499997
19.8333333333333	0.424746867595115	0.0127966341288353	0.0232484202393676	0.0365064682296905	0.0132832484838027	0.124645333223495	0.00444803464126744	0.408626159464572	0.258564099040183	0.221421114578745	0.143285052466502
20	0.425173270244642	0.0125818880378165	0.0230578591869125	0.035935572131683	0.0130840543161501	0.12437712271608	0.004378522660463	0.411496598068677	0.259985512939779	0.221744393920071	0.140874045581088
20.1666666666667	0.425663125576508	0.0123732711060512	0.0228665883621603	0.0353732904380532	0.0128851560950081	0.124078063398315	0.00431023883541884	0.414374902423519	0.261374963819944	0.222063908598473	0.1385000673822
20.3333333333333	0.426218807496897	0.0121704113013185	0.0226744739052684	0.034819623676209	0.0126866338949468	0.123748903853874	0.00424314556992801	0.41726183107781	0.262732766923237	0.222380460069004	0.136163084355455
20.5	0.426842412880057	0.0119729505702539	0.0224813946279189	0.0342745678121509	0.0124885668655631	0.123390406429899	0.00417720726162343	0.42015803835747	0.264059268428595	0.222694820814009	0.133863046433616
20.6666666666667	0.427535761568302	0.0117805448383491	0.0222872420133184	0.033738114250472	0.012291033231481	0.123003347236996	0.00411239030197791	0.423064074365628	0.265354845451338	0.223007734343123	0.131599886996594
20.8333333333333	0.428300396372008	0.0115928640099521	0.0220919202161982	0.0332102498343574	0.0120941102923513	0.122588516149238	0.00404866307630407	0.425980384982623	0.266619906043168	0.223319915193272	0.129373522871441
21	0.429137583069618	0.0114095919682674	0.0218953460628141	0.0326909568455851	0.011897874422852	0.122146716804166	0.00398599596375445	0.428907311866002	0.267854889192165	0.223632048928673	0.127183854332358
21.1666666666667	0.430048310407639	0.0112304265753558	0.0216974490509464	0.0321802130045252	0.011702401072688	0.121678766602786	0.00392436133732141	0.431845092450522	0.269060264822791	0.223944792140836	0.125030765100692
21.3333333333333	0.431033290100643	0.0110550796721342	0.0214981713499002	0.0316779914701405	0.0115077647665914	0.121185496709568	0.0038637335638372	0.43479385994815	0.270236533795891	0.22425877244856	0.122914122344934
21.5	0.432092956831268	0.0108832770783761	0.021297467800505	0.031184260839986	0.011314039104321	0.120667752052452	0.00380408900397392	0.43775364334806	0.271384227908689	0.224574588497935	0.120833776680722
21.6666666666667	0.433227468250214	0.0107147585927113	0.0210953059151149	0.0306989851502093	0.0111212967606627	0.120126391322841	0.00374540601224354	0.440724367416638	0.272503909894791	0.224892809962345	0.118789562170838
21.8333333333333	0.434436704976248	0.0105492779926259	0.0208916658776086	0.0302221238755505	0.0109296094854296	0.119562286975607	0.0036876649369979	0.443705852697477	0.273596173424182	0.225213977542463	0.116781296325211
22	0.435720270596202	0.0103866030344622	0.0206865405433894	0.0297536319293419	0.0107390481034615	0.118976325229087	0.00363084812042868	0.446697815511381	0.27466164310323	0.225538602966253	0.114808780100915
22.1666666666667	0.43707749166497	0.010226515453419	0.0204799354393852	0.0292934596635085	0.0105496825146253	0.118369406065082	0.00357493989856746	0.449699867956362	0.275700974474683	0.225867168988971	0.112871797902171
22.3333333333333	0.438507417705514	0.0100688109635514	0.0202718687640484	0.0288415528685676	0.0103615816938151	0.117742443228864	0.00351992660128565	0.452711517907641	0.276714854017671	0.226200129393163	0.110970117580345
22.5	0.44000882120886	0.00991329925777091	0.0200623713873561	0.0283978527736289	0.0101748136909518	0.117096364229167	0.00346579655229454	0.45573216901765	0.277703999147703	0.226537908988668	0.109103490433947
22.6666666666667	0.441580197634097	0.00975980400784517	0.0198514868508098	0.0279622960463946	0.00998944563098324	0.116432110338193	0.00341254006914529	0.458761120716029	0.278669158216672	0.226880903612614	0.107271651208636
22.8333333333333	0.443219765408381	0.00960816286439833	0.0196392713674358	0.0275348147931594	0.00980554371388442	0.11575063659161	0.00336014946322891	0.461797568209626	0.279611110512849	0.227229480129423	0.105474318097213
23	0.444925465926932	0.0094582274569108	0.0194257938217849	0.0271153365588104	0.00962317321465727	0.115052911788553	0.00330861903977628	0.464840602482501	0.280530666260888	0.227583976430805	0.103711192739627
23.1666666666667	0.446694963553034	0.00930986339371935	0.0192111357699323	0.0267037843268272	0.00944239848333074	0.114339918491621	0.00325794509785814	0.467889210295922	0.281428666621822	0.227944701435764	0.101981960222973
23.3333333333333	0.448525645618036	0.00916295026201707	0.018995391439478	0.0263000765192816	0.00926328294496074	0.113612653026882	0.00320812593038509	0.470942274188364	0.282305983693066	0.228311935090593	0.10028628908149
23.5	0.450414622421353	0.00901738162785341	0.0187786677295465	0.025904126996838	0.00908588909963022	0.112872125483868	0.00315916182410762	0.473998572475516	0.283163520508417	0.228685928368876	0.0986238312965643
23.6666666666667	0.452358727230465	0.00887306503613414	0.018561084210787	0.0255158450587535	0.00891027852244912	0.112119359715578	0.00311105505961605	0.477056779250272	0.284002211038052	0.229066903271491	0.0969942222967266
23.8333333333333	0.454354516280914	0.00872992201062134	0.018342773125373	0.0251351354428772	0.00873651186355437	0.111355393338478	0.00306380991134058	0.480115464382737	0.284823020188529	0.229455052826604	0.0953970809576538
24	0.456398268776309	0.00858788805393347	0.0181238793870029	0.0247618983256508	0.00856464884810991	0.1105812777325	0.00301743264755127	0.483173093520225	0.285626943802786	0.229850541089674	0.0938320096021688
24.1666666666667	0.458485986888325	0.00844691264754529	0.0179045605808995	0.0243960293221086	0.00839474827630668	0.10979807804104	0.00297193153035805	0.486228028087259	0.286415008660143	0.230253503143451	0.0922985940002398
24.3333333333333	0.460613395756698	0.00830695925178791	0.0176849869638101	0.0240374194858771	0.0082268680233626	0.109006873170964	0.0029273168157107	0.489278525285572	0.287188272476302	0.230664045097975	0.0907964033689806
24.5	0.462775943489232	0.00816800530584878	0.0174653414640069	0.0236859553091754	0.00806106503952262	0.1082087557926	0.00288360075339889	0.492322738094106	0.287947823903344	0.231082244090579	0.0893249903726511
24.6666666666667	0.464968801161795	0.00803004222777167	0.0172458196812862	0.0233415187228151	0.00789739535005867	0.107404832339747	0.00284079758705213	0.495358715269011	0.288694782529733	0.231508148285885	0.0878838911226565
24.8333333333333	0.467186862818319	0.00789307541445669	0.0170266298869694	0.0230039870962	0.00773591405526969	0.106596223009666	0.00279892355413979	0.498384401343648	0.289430298880311	0.231941776875807	0.0864726251775478
25	0.469424745470802	0.0077571242416603	0.0168079930239022	0.0226732332373265	0.0075766753304816	0.105784061763086	0.00275799688597112	0.501397636628587	0.290155554416303	0.232383120079552	0.0850906955430219
25.1666666666667	0.471676809177863	0.00762222143832325	0.0165901417719268	0.0223491256617225	0.00741973233672966	0.104969493940704	0.0027180376502776	0.504396166319124	0.290871758494895	0.23283214045391	0.0837375893669111
25.3333333333333	0.473937377908875	0.00748840620417839	0.0163733102680743	0.0220315315507769	0.00726513623826379	0.104153650044714	0.00267906601961885	0.507377740677994	0.291580114924597	0.233288787306487	0.0824127855840742
25.5	0.476200960408097	0.00735571732735839	0.0161577238267565	0.0217203197100687	0.00711293522005403	0.103337619520329	0.00264110053978863	0.510340215218071	0.292281788520613	0.233753011108938	0.0811157625612869
25.6666666666667	0.478462270273232	0.00722419255872377	0.015943598005238	0.0214153608383067	0.00696317439847279	0.102522448372287	0.00260415797239717	0.513281559809896	0.292977902064418	0.234224764807259	0.0798459987922318
25.8333333333333	0.480716225955423	0.00709386861186285	0.0157311386036364	0.0211165275273291	0.00681589582129488	0.101709139164848	0.00256825329487118	0.516199858681668	0.29366953630376	0.234704003821788	0.0786029728974987
26	0.482957950759258	0.0069647811630918	0.0155205416649219	0.0208236942621034	0.00667113846769748	0.1008986510218	0.00253339970045384	0.519093310419249	0.294357729952659	0.235190686047205	0.0773861636245842
26.1666666666667	0.485182772842767	0.00683696485145459	0.0153119934749175	0.0205367374207267	0.00652893824826021	0.100091899626449	0.00249960859820481	0.521960227966164	0.295043479691404	0.235684771852531	0.0761950498478917
26.3333333333333	0.487386225217424	0.00671045327872302	0.0151056705622992	0.0202555352744254	0.00638932800496504	0.0992897572216304	0.00246688961300022	0.5247990386236	0.295727740166561	0.236186224081128	0.0750291105687319
26.5	0.489564045748145	0.00658527900939671	0.0149017396985957	0.0199799679875555	0.00625233751119634	0.0984930526096993	0.00243525058553269	0.527608284050405	0.296411423990961	0.2366950080507	0.0738878249153223
26.6666666666667	0.491712177153288	0.00646147357070312	0.0147003578981884	0.0197099176176025	0.00611799347174089	0.0977025711525364	0.00240469757231131	0.530386620263088	0.297095401743714	0.237211091553294	0.0727706721427875
26.8333333333333	0.493826767004656	0.00633906745259752	0.0145016724183119	0.0194452681151811	0.00598631952278784	0.0969190547715459	0.00237523484566164	0.533132817635824	0.297780501970195	0.237734444855297	0.0716771316331588
27	0.495904167727492	0.00621809010776299	0.0143058207590531	0.0191859053240358	0.00585733623192875	0.0961432019476558	0.00234686489372572	0.535845760900446	0.298467511182056	0.238265040697438	0.0706066828953747
27.1666666666667	0.497940936600486	0.00609856995161047	0.014112930663352	0.0189317169810402	0.00573106109815757	0.0953756677213178	0.00231958842046207	0.538524449146451	0.299157173857219	0.238802854294789	0.0695588055652807
27.3333333333333	0.499933835755766	0.00598053436227869	0.0139231201170016	0.0186825927161977	0.00560750855187062	0.0946170636925075	0.00229340434564567	0.541167995820998	0.299850192439876	0.23934786333676	0.068532979405629
27.5	0.501879832178907	0.00586400968063421	0.0137364973486473	0.0184384240526409	0.00548668995486665	0.0938679580207241	0.00226830980486801	0.543775628728906	0.300547227340493	0.239900047987107	0.0675286843060792
27.6666666666667	0.503776097708925	0.00574902121027142	0.0135531608297875	0.0181991044066319	0.00536861360034678	0.0931288754249907	0.00224430014953701	0.546346690032659	0.301248896935808	0.240459390883925	0.0665454002831976
27.8333333333333	0.505620009038279	0.00563559321751254	0.0133731992747735	0.0179645290875623	0.0052532847129145	0.0924002971838543	0.00222136894687712	0.548880636252401	0.301955777568829	0.24102587713965	0.0655826074804574
28	0.50740914771287	0.0055237489314076	0.0131966916408094	0.0177345952979532	0.00514070544857575	0.0916826611353854	0.00219950797992922	0.551377038265939	0.302668403548837	0.241599494341063	0.0646397861682389
28.1666666666667	0.509141300132044	0.00541351054373446	0.0130237071279519	0.0175092021334552	0.0050308748947388	0.0909763616771786	0.00217870724755069	0.553835581308742	0.303387267151385	0.242180232549283	0.0637164167438294
28.3333333333333	0.510814457548588	0.0053048992089988	0.0128543051791108	0.017288250582848	0.00492378907021436	0.0902817497663521	0.00215895496441537	0.556256064973939	0.304112818618297	0.242768084299772	0.062811979731423
28.5	0.512426816068733	0.00519793504443412	0.0126885354800486	0.0170716435280413	0.0048194409252155	0.0895991329195479	0.0021402375610136	0.558638403212324	0.304845466157668	0.243363044602335	0.0619259557821211
28.6666666666667	0.513976776652153	0.00509263713000176	0.0125264379593804	0.0168592857440737	0.00471782034135771	0.0889287752129319	0.00212253968365218	0.560982624332352	0.305585575943868	0.243965110941116	0.0610578256739317
28.8333333333333	0.515462945111963	0.00498902350839086	0.0123680427885745	0.0166510838991138	0.00461891413165885	0.0882708972821935	0.00210584419445438	0.563288871000139	0.306333472117536	0.244574283274602	0.06020707031177
29	0.516884132114724	0.0048871111850184	0.0122133703819518	0.0164469465544592	0.00452270604053918	0.0876256763225463	0.00209013217135997	0.565557400239463	0.307089436785583	0.245190564035621	0.0593731707274582
29.1666666666667	0.518239353180436	0.00478691612802918	0.012062431396686	0.0162467841645372	0.00442917674382134	0.0869932460887274	0.00207538290812517	0.567788583431767	0.307853710021192	0.245813958131345	0.0585556080797252
29.3333333333333	0.519527828682545	0.00468845326829583	0.0119152267328037	0.0160505090769044	0.0043383038487304	0.0863736968949976	0.00206157391432269	0.569982906316151	0.308626489863819	0.246444472943284	0.0577538636542072
29.5	0.520748983847939	0.00459173649941877	0.0117717475331842	0.0158580355322471	0.00425006189389378	0.0857670756151419	0.00204868091534172	0.572140968989382	0.30940793231919	0.247082118327291	0.0569674188634472
29.6666666666667	0.521902448756949	0.0044967786777263	0.0116319751835597	0.0156692796643808	0.00416442234934131	0.0851733856824686	0.00203667785238792	0.574263485905886	0.310198151359304	0.247726906613563	0.0561957552468952
29.8333333333333	0.522988058343348	0.00440359162227448	0.0114958813125153	0.0154841595002506	0.00408135361650521	0.0845925870898101	0.00202553688248341	0.576351285877752	0.310997218922432	0.248378852606635	0.0554383544709081
30	0.524005852394353	0.00431218611484725	0.0113634277914887	0.015302594959931	0.0040008210282201	0.0840245963895225	0.00201522837846682	0.57840531207473	0.311805164913115	0.249037973585385	0.0546946983287499
30.1666666666667	0.524956075550622	0.00422257189995634	0.0112345667347705	0.015124507856626	0.00392278684872298	0.0834692866934857	0.00200572092899324	0.580426622024234	0.312621977202168	0.249704289303034	0.0539642687405916
30.3333333333333	0.525839177306259	0.00413475768484131	0.0111092404995042	0.014949821896669	0.00384721027365326	0.0829264876731034	0.00199698133853422	0.582416387611338	0.313447601626677	0.250377821987143	0.0532465477535109
30.5	0.526655812008809	0.00404875113946955	0.0109873816856861	0.0147784626795228	0.00377404743005271	0.082395985559303	0.00198897462737781	0.584375895078779	0.314281941989999	0.251058596339614	0.0525410175414929
30.6666666666667	0.527406838859258	0.00396455889653627	0.0108689131361653	0.0146103576977798	0.00370325137636553	0.0818775231425357	0.00198166403162854	0.586306545026956	0.315124860061764	0.251746639536693	0.0518471604054292
30.8333333333333	0.528093321912039	0.00388218655146449	0.0107537479366435	0.0144454363371619	0.00363477210243828	0.0813707997727765	0.00197501100320738	0.58820985241393	0.315976175577872	0.252441981228965	0.0511644587731188
31	0.528716530075025	0.00380163866240507	0.0106417894156755	0.0142836298765201	0.00356855652951994	0.0808754713595244	0.00196897520985182	0.590087446555425	0.316835666240497	0.253144653541359	0.0504923951992673
31.1666666666667	0.529277937109532	0.0037229187502367	0.0105329311446689	0.0141248714878353	0.00350454851026186	0.0803911503718018	0.00196351453511579	0.591941071124824	0.317703067718084	0.253854691073143	0.0498304523654876
31.3333333333333	0.52977922163032	0.00364602929856587	0.0104270569378838	0.0139690962362176	0.0034426888287178	0.0799174058381552	0.00195858507836972	0.593772584153175	0.318578073645348	0.25457213089793	0.0491781130802994
31.5	0.530222267105591	0.00357097175372691	0.0103240408524336	0.0138162410799066	0.0033829152003439	0.0794537633466547	0.00195414115480052	0.595583958029187	0.31946033562328	0.255297012563671	0.0485348602791293
31.6666666666667	0.530609161856991	0.00349774652478196	0.0102237471882841	0.0136662448702714	0.00332516227199869	0.0789997050448943	0.00195013529541155	0.597377279499231	0.320349463219137	0.256029378092662	0.0479001770243111
31.8333333333333	0.530942199059608	0.00342635298352101	0.0101260304882542	0.0135190483518104	0.0032693616219431	0.0785546696399917	0.00194651824702267	0.59915474966734	0.321245023966453	0.256769271981537	0.0472735465050853
32	0.531223876741973	0.00335678946446184	0.0100307355380153	0.0133745941621517	0.00321544175984046	0.0781180523985884	0.00194323897227019	0.600918683995209	0.322146543365032	0.257516741201274	0.0466544520375996
32.1666666666667	0.531456897786059	0.00328905326485008	0.00993769736609188	0.0132328268320527	0.00316332812675648	0.0776892051468498	0.00194024464960694	0.602671512302195	0.323053504880948	0.258271835197194	0.0460423770649086
32.3333333333333	0.531644169927283	0.00322314064465917	0.00984674124386119	0.0130936927854002	0.00311294309515925	0.0772674362704649	0.00193748067330219	0.604415778765317	0.323965349946549	0.259034605888955	0.0454368051569738
32.5	0.531788805754505	0.00315904682659036	0.00975768268555322	0.0129571403392107	0.00306420596891929	0.0768520107146466	0.00193489065344168	0.606154141919257	0.324881477960455	0.259805107670561	0.0448372200106638
32.6666666666667	0.531894122710028	0.00309676599607276	0.00967032744825082	0.0128231197036299	0.00301703298330947	0.0764421499841317	0.00193241641592767	0.607889374656356	0.325801246287555	0.260583397410356	0.044243105449754
32.8333333333333	0.531963643089597	0.00303629130126327	0.00958447153188965	0.0126915829819331	0.00297133730500508	0.0760370321431805	0.00192999800247885	0.609624364226622	0.326723970259013	0.261369534451025	0.0436539454249269
33	0.532001094042399	0.00297761485304662	0.00949990117925817	0.0125624841705249	0.0029270290320838	0.0756357918155773	0.0019275736706304	0.61136211223772	0.327648923172263	0.262163580609596	0.043069224013772
33.1666666666667	0.532010407571066	0.00292072772503539	0.00941639287599767	0.0124357791589396	0.00288401519402568	0.0752375201846301	0.001925079893734	0.613105734654979	0.328575336291012	0.262965600177437	0.0424884254207857
33.3333333333333	0.531995720531673	0.00286561995356995	0.00933371335060224	0.0123114257298407	0.0028421997517132	0.0748412649931708	0.00192245136095778	0.614858461801392	0.329502398845237	0.263775659920259	0.0419110339773713
33.5	0.531961358272964	0.00281228052606742	0.00925162048711573	0.0121893834685741	0.0028014839204247	0.0744460342957103	0.00191962119016167	0.616623621454136	0.330429259909663	0.264593825594206	0.0413365355576039
33.6666666666667	0.531911654667867	0.0027606972528599	0.00916987336479792	0.0120696127682493	0.00276176972276309	0.0740508377321492	0.00191652326952589	0.61840445290634	0.331355049066974	0.26542012362287	0.0407644331516404
33.8333333333333	0.531850772145003	0.00271085663903256	0.00908824229779079	0.01195207383482	0.00272296354158442	0.0736547278014875	0.00191309459917947	0.620203921028856	0.332278897071034	0.266254502774308	0.0401942624391302
34	0.531782685327916	0.00266274387277267	0.00900650974781537	0.0118367265966375	0.00268497644299141	0.0732568036139803	0.00190927550407554	0.622024699366778	0.333199937725357	0.267096830677129	0.0396255932049801
34.1666666666667	0.531711181035071	0.00261634282536954	0.00892447032417184	0.0117235307044504	0.00264772417633346	0.0728562108911379	0.00190500963399133	0.623869170139446	0.334117307883108	0.267946893820499	0.0390580293393535
34.3333333333333	0.531639858279857	0.00257163605121452	0.00884193078373941	0.0116124455314049	0.00261112717420663	0.0724521419657255	0.00190024396352821	0.625739424240443	0.335030147447103	0.268804397554138	0.0384912088376714
34.5	0.531572128270581	0.00252860478780104	0.00875871003097644	0.0115034301730442	0.00257511055245367	0.0720438357817632	0.00189492879211164	0.627637261237596	0.335937599369811	0.269668966088323	0.0379248038006114
34.6666666666667	0.531511214410477	0.00248722895572458	0.00867463911792034	0.0113964434473093	0.00253960411016398	0.0716305778945264	0.00188901774399119	0.629564189372977	0.33683880965335	0.270540142493883	0.0373585204341087
34.8333333333333	0.531460152297697	0.00244748715868265	0.00858956124418765	0.0112914438945383	0.00250454232967364	0.0712117004705455	0.00188246776824057	0.631521425562903	0.337732927349491	0.271417388702205	0.0367920990493551
35	0.531421789725318	0.00240935668347484	0.00850333175697398	0.0111883897774668	0.00246986437656541	0.0707865822876059	0.00187523913875757	0.633509895397932	0.338619104559655	0.272300085505229	0.0362253140627998
35.1666666666667	0.531398786681337	0.0023728135000028	0.00841581815105404	0.0110872390812277	0.00243551409966871	0.070354648734748	0.0018672954542641	0.63553023314287	0.339496496434916	0.273187532555451	0.0356579739961491
35.3333333333333	0.531393615348675	0.0023378322612702	0.00832690006878164	0.0109879495133513	0.00240144003105962	0.0699153718122674	0.00185860363830618	0.637582781736766	0.340364261175999	0.274078948365922	0.0350899214763661
35.5	0.531408560105173	0.00230438630338281	0.00823646930008967	0.0108904785037655	0.00236759538606092	0.0694682701317146	0.00184913393925397	0.639667592792912	0.341221560033278	0.274973470310248	0.0345210332356714
35.6666666666667	0.531445717523595	0.00227244764554841	0.00814442978249014	0.0107947832047953	0.00233393806324205	0.0690129089158953	0.0018388599303017	0.641784426598846	0.34206755730678	0.275870154622589	0.0339512201115424
35.8333333333333	0.531506996371628	0.00224198699007687	0.00805069760107413	0.0107008204911632	0.0023004306444191	0.0685488999988701	0.00182775850946773	0.643932752116348	0.342901420346185	0.276767976397661	0.0333804270467136
36	0.531594117611878	0.00221297372238009	0.00795520098851181	0.0106085469599891	0.00226704039465486	0.0680759018259548	0.00181580989959454	0.646111746981445	0.34372231955082	0.277665829590737	0.0328086330891768
36.1666666666667	0.531708614401878	0.00218537591097205	0.00785788032505248	0.0105179189307902	0.00223373926225877	0.06759361945372	0.00180299764834872	0.648320297504406	0.344529428369668	0.27856252701764	0.0322358513921806
36.3333333333333	0.531851832094078	0.00215916030746877	0.00775868813852449	0.0104288924454813	0.00220050387878697	0.0671018045499917	0.00178930862822095	0.650556998669746	0.34532192330136	0.279456800354753	0.031662129214231
36.5	0.532024928235853	0.00213429234658831	0.0076575891043353	0.0103414232683744	0.00216731555904223	0.0666002553938507	0.00177473303652604	0.652820154136223	0.34609898389418	0.280347300139012	0.0310875479190908
36.6666666666667	0.5322288725695	0.00211073614615082	0.00755456004547148	0.0102554668861788	0.00213416030107402	0.0660888168756329	0.00175926439540292	0.65510777623684	0.346859792746062	0.281232595767908	0.0305122229757801
36.8333333333333	0.532464447032236	0.00208845450707847	0.00744958993249868	0.0101709785080014	0.00210102878617848	0.0655673804969292	0.00174289955181462	0.657417585978843	0.347603535504593	0.282111175499486	0.029936303958576
37	0.532732245756202	0.0020674089133955	0.00734267988356164	0.0100879130653464	0.00206791637889841	0.0650358843705858	0.00172563867754827	0.659747013043723	0.348329400867009	0.282981446452349	0.0293599745470127
37.1666666666667	0.533032675068462	0.00204755953222821	0.0072338431643842	0.0100062252121154	0.00203482312702328	0.0644943132207036	0.00170748526921513	0.662093195787215	0.3490365805802	0.283841734605653	0.0287834525258816
37.3333333333333	0.533365953490998	0.00202886521380495	0.00712310518826929	0.00992586932460728	0.00200175376158925	0.0639426983826388	0.00168844614825058	0.6644529812393	0.349724269440704	0.284690284799109	0.0282069897852309
37.5	0.533732111740718	0.00201128349145612	0.00701050351609894	0.00984679950151845	0.00196871769687913	0.0633811178030025	0.00166853146091408	0.666822925104201	0.350391665294714	0.285525260732983	0.0276308723203662
37.6666666666667	0.53413099272945	0.00199477058161418	0.00689608785633428	0.00976896956394264	0.00193572903042241	0.062809696039661	0.00164775467828923	0.669199291760386	0.351037969038072	0.286344744968096	0.02705542023185
37.8333333333333	0.534562251563946	0.00197928138381365	0.00677992006501551	0.00969233305537096	0.00190280654299526	0.0622286042617356	0.00162613259628372	0.671578054260567	0.351662384616271	0.287146738925826	0.026480987725502
38	0.535025355545878	0.00196476948069109	0.00666207414576194	0.00961684324169191	0.0018699736986205	0.0616380602496025	0.00160368533562938	0.673954894331701	0.352264119024457	0.287929162888104	0.025907963112399
38.1666666666667	0.53551958417184	0.00195118713798512	0.00654263624977198	0.0095424531111914	0.00183725864456764	0.0610383283948931	0.00158043634188212	0.676325202374988	0.352842382307425	0.288689855997416	0.0253367688088748
38.3333333333333	0.53604402913335	0.00193848530453643	0.00642170467582313	0.00946911537455268	0.00180469421135285	0.0604297197004939	0.00155641238542199	0.678684077465874	0.353396387559625	0.289426576256804	0.0247678613365203
38.5	0.536597594316846	0.00192661361228774	0.00629938987027197	0.00939678246485641	0.00177231791273897	0.0598125917805463	0.00153164356145313	0.681026327354047	0.353925350925154	0.290137000529864	0.0242017313221835
38.6666666666667	0.53717899580369	0.00191552037628385	0.00617581442705419	0.00932540653758066	0.00174017194573553	0.0591873488604468	0.00150616329000381	0.683346468463441	0.354428491597763	0.290818724540748	0.0236389034979696
38.8333333333333	0.537786761870165	0.00190515259467159	0.00605111308768457	0.00925493947060084	0.00170830319059871	0.0585544417768471	0.00148000831592639	0.685638725892233	0.354905031820853	0.291469262874164	0.0230799367012408
39	0.538419232987475	0.00189545594869986	0.00592543274125697	0.00918533286418976	0.00167676321083137	0.0579143679776536	0.00145321870889735	0.687897033412846	0.355354196887477	0.292086048975372	0.0225254238746163
39.1666666666667	0.539074561821748	0.00188637480271961	0.00579893242444438	0.00911653804101764	0.00164560825318303	0.0572676715220282	0.00142583786341731	0.690115033471945	0.35577521514034	0.29266643515019	0.0219759920659726
39.3333333333333	0.539750713234033	0.00187785220418385	0.00567178332149884	0.00904850604615206	0.00161489924764991	0.0566149430803875	0.00139791249881095	0.692286077190442	0.356167317971797	0.293207692564989	0.0214323024284432
39.5	0.540445464280301	0.00186982988364764	0.00554416876425151	0.00898118764705797	0.00158470180747487	0.0559568199344033	0.00136949265922711	0.69440322436349	0.356529739823854	0.293707011246697	0.0208950502204185
39.6666666666667	0.541156404211446	0.0018622482547681	0.00541628423211264	0.00891453333359775	0.00155508622914746	0.0552939859770025	0.0013406317136387	0.696459243460488	0.356861718188169	0.294161500082795	0.0203649648055462
39.8333333333333	0.541880934473283	0.00185504641430439	0.00528833735207157	0.00884849331803113	0.00152612749240388	0.0546271717123668	0.00131138635584279	0.69844661162508	0.357162493606053	0.29456818682132	0.0198428096527312
40	0.542616268706549	0.00184816214211775	0.00516054789869673	0.00878301753501523	0.00149790526022703	0.0539571542559332	0.00128181660446051	0.700357514675153	0.357431309668464	0.294924018070864	0.0193293823361352
40.1666666666667	0.543359432746904	0.00184153190117144	0.00503314779413567	0.00871805564160457	0.00147050387884646	0.0532847573343937	0.00125198580293714	0.702183847102838	0.357667413016017	0.295225859300575	0.0188255145351772
40.3333333333333	0.544107264624929	0.00183509083753081	0.00490638110811499	0.00865355701725104	0.0014440123777384	0.0526108512856953	0.00122196061954205	0.703917212074511	0.357870053338972	0.295470494840154	0.0183320720345331
40.5	0.544856414566128	0.00182877278036325	0.00478050405794043	0.00858947076380393	0.00141852446962575	0.0519363530590401	0.00119181104736874	0.705548921430792	0.358038483377246	0.295654627879859	0.0178499547241362
40.6666666666667	0.545603344990927	0.00182251024193819	0.00465578500849678	0.00852574570550989	0.00139413855047808	0.0512622262148852	0.0011616104043348	0.707069995686546	0.358171958920404	0.295774880470502	0.0173800965991766
40.8333333333333	0.546344330514673	0.00181623441762714	0.00453250447224796	0.00846233038901299	0.00137095769951162	0.0505894809249427	0.00113143533318194	0.708471164030879	0.358269738807662	0.29582779352345	0.0169234657601016
41	0.547075457947636	0.00180987518590366	0.00441095510923697	0.00839917308335465	0.0013490896791893	0.04991917397218	0.00110136580147601	0.709742864327148	0.35833108492789	0.295809826810625	0.0164810644126155
41.1666666666667	0.547792626295008	0.00180336110834334	0.00429144172708589	0.00833622177997369	0.00132864693522069	0.0492524087508192	0.00107148510160692	0.710875243112946	0.358355262219607	0.295717358964505	0.01605392886768
41.3333333333333	0.548491546756903	0.00179661942962386	0.00417428128099593	0.00827342419270634	0.00130974659656205	0.0485903352663378	0.00104187985078873	0.711858155600116	0.358341538670984	0.295546687478123	0.0156431295415134
41.5	0.549167742728356	0.00178957607752493	0.00405980287374735	0.00821072775778616	0.00129251047541631	0.0479341501354679	0.0010126399910596	0.712681165674743	0.358289185319843	0.295294028705064	0.0152497709555915
41.6666666666667	0.549816549799326	0.00178215566292832	0.00394834775569954	0.00814807963384415	0.00127706506723306	0.0472850965861973	0.0009838587892818	0.713333545897157	0.358197476253658	0.294955517859474	0.0148749917366471
41.8333333333333	0.550433148403609	0.00177428189813366	0.00384026797455072	0.00808542655975535	0.00126354058253776	0.0466444592791021	0.000955632511650252	0.713804359211533	0.358065704041551	0.29452724611121	0.0145199558206305
42	0.55101292295693	0.00176588219833216	0.00373591152269538	0.00802271329095248	0.00125206029705293	0.0460135073420217	0.000928056843286406	0.714083357751507	0.357893349486257	0.294005668632644	0.0141857556962761
42.1666666666667	0.551551820995026	0.00175689228308041	0.00363560748458167	0.00795988103573952	0.0012427299018193	0.0453934374047319	0.000901223307832147	0.714161881645789	0.357680251376095	0.293388012645446	0.0138733156486689
42.3333333333333	0.552046385822565	0.00174725659461611	0.00353966468647112	0.0078968673131384	0.001235636535025	0.0447853684202789	0.000875218941958308	0.714032940727766	0.357426621916958	0.292672314515751	0.0135833829632046
42.5	0.552493756513147	0.00173692829785811	0.00344837169643869	0.00783360595288901	0.0012308487820056	0.0441903416649794	0.000850126295364687	0.713691214535503	0.357133046732319	0.291857419754157	0.0133165279255899
42.6666666666667	0.552891667909302	0.00172586928040641	0.00336199682437275	0.00777002709544916	0.00122841667524408	0.0436093207384209	0.000826023430780044	0.713133052311739	0.356800484863229	0.290942983015729	0.0130731438218427
42.8333333333333	0.553238450622493	0.00171405015254217	0.00328078812197509	0.00770605719199465	0.00122837169437082	0.043043191563461	0.000802983923962091	0.71235647300389	0.356430268768315	0.28992946809999	0.0128534469382915
43	0.553533031033112	0.00170145024722766	0.0032049733827609	0.0076416190044192	0.00123072676616364	0.042492762386228	0.000781076863697505	0.711361165264051	0.356024104323782	0.288818147950934	0.0126574765615761
43.1666666666667	0.553774931290482	0.0016880576201063	0.00313476014205879	0.00757663160533449	0.00123547626454775	0.0419587637761208	0.000760366851801921	0.71014848744899	0.355584070823414	0.287611104657012	0.012485094978647
43.3333333333333	0.553964269312858	0.00167386904950268	0.00307033567701078	0.00751101037807016	0.00124259601059581	0.0414418486258087	0.000740914003119932	0.708721467620153	0.355112620978572	0.286311229451145	0.0123359874767659
43.5	0.554101758787427	0.00165889003642251	0.0030118670065723	0.00744466701667377	0.00125204327252786	0.0409425921512314	0.000722773945525092	0.707084803543662	0.354612580918194	0.284922222710713	0.0122096623435053
43.6666666666667	0.554188709170304	0.00164313480455264	0.00295950089151219	0.00737750952591088	0.00126375676571139	0.0404614918915994	0.000705997819919913	0.705244862690317	0.354087150188798	0.283448593957563	0.0121054508667487
43.8333333333333	0.554227025686537	0.00162662630026108	0.00291336383441271	0.00730944222126496	0.00127765665266127	0.0399989677093934	0.000690632280235868	0.703209682235593	0.353539901754475	0.281895661858006	0.0120225073346905
44	0.554219209330106	0.00160939619259696	0.00287356207966952	0.00724036572893743	0.00129364454303982	0.0395553617903648	0.000676719493433387	0.700988969059641	0.3529747819969	0.280269554222814	0.0119598090358363
44.1666666666667	0.554168356863919	0.00159148487329058	0.00284018161349171	0.00717017698584769	0.00131160349365676	0.0391309386435355	0.000664297139501861	0.698594099747291	0.35239611071532	0.278577208007225	0.0119161562590024
44.3333333333333	0.554078160819818	0.00157294145675337	0.00281328816390176	0.00709876923963306	0.00133139800846922	0.0387258851011977	0.000653398411459641	0.696038120588045	0.351808581126563	0.276826369310942	0.0118901722933162
44.5	0.553952909498574	0.0015538237800779	0.00279292720073559	0.00702603204864883	0.00135287403858176	0.0383403103189144	0.000644052015354034	0.693335747576086	0.351217259865033	0.275025593378129	0.0118803034282161
44.6666666666667	0.55379748696989	0.00153419840303788	0.0027791239356425	0.00695185128196823	0.00137585898224634	0.0379742457755189	0.00063628217026131	0.690503366410272	0.350627586982714	0.273184244597416	0.0118848189534514
44.8333333333333	0.5536173730724	0.00151414060808819	0.00277188332208523	0.00687610911938244	0.00140016168486236	0.0376276452731151	0.000630108608286697	0.687559032494136	0.350045375949165	0.271312496501897	0.0119018111590822
45	0.553418643413669	0.00149373440036481	0.00277119005533992	0.0067986840514006	0.00142557243897662	0.0373003849370774	0.000625546574564381	0.684522470935888	0.349476813651524	0.269421331769128	0.0119291953354799
45.1666666666667	0.553207969370193	0.00147307250768489	0.00277700857249611	0.0067194508792498	0.00145186298428333	0.0369922632160506	0.00062260682725751	0.681415076548417	0.348928460394507	0.267522542221131	0.0119647097733267
45.3333333333333	0.552992618087398	0.00145225638054673	0.00278928305245678	0.00663828071487506	0.00147878650762413	0.0367030008819503	0.000621295637558188	0.678259913849285	0.348407249900407	0.265628728824391	0.0120059157636157
45.5	0.552780452479642	0.00143139619212976	0.00280793741593829	0.00655504098093935	0.00150607764298807	0.0364322410299622	0.000621614789687482	0.675081717060732	0.347920489309094	0.263753301689857	0.012050197597651
45.6666666666667	0.552579931230214	0.00141061083829455	0.00283287532547044	0.00646959541082365	0.00153345247151162	0.0361795490785428	0.000623561580895416	0.671906890109674	0.347475859178019	0.261910480072942	0.0120947625670477
45.8333333333333	0.552400108791334	0.00139002793758282	0.00286398018539643	0.0063818040486268	0.00156060852147866	0.035944412769419	0.000627128821460973	0.668763506627705	0.347081413482206	0.260115292373522	0.012136640963732
46	0.552250635384153	0.00136978383121743	0.00290111514187287	0.00629152324916566	0.00158722476832049	0.0357262421675883	0.000632304834692096	0.665681309951094	0.346745579614261	0.258383576135939	0.0121726860799408
46.1666666666667	0.552141756998753	0.00135002358310239	0.00294412308286978	0.006198605677975	0.00161296163461583	0.0355243696613185	0.000639073456925688	0.662691713120786	0.346477158384364	0.256731978048996	0.012199574208222
46.3333333333333	0.552084315394147	0.00133090097982284	0.00299282663817061	0.00610290031130758	0.0016374609900908	0.0353380499621482	0.000647414037527611	0.659827798882404	0.346285324020275	0.255177953945963	0.0122138046414348
46.5	0.552089748098278	0.00131257853064508	0.0030470281793722	0.00600425243613405	0.00166034615161896	0.0351664601048862	0.000657301438892687	0.657124319686246	0.346179624167331	0.253739768804571	0.0122116996727489
46.6666666666667	0.552170088408022	0.00129522746751654	0.00310650981988481	0.00590250365014307	0.00168122188322126	0.035008699447612	0.000668706036444693	0.654617697687288	0.346169979888448	0.252436496747017	0.0121894045956453
46.8333333333333	0.552337965389184	0.00127902774506579	0.00317103341493212	0.00579749186174123	0.00169967439606609	0.0348637896716757	0.000681593718636372	0.652346024745181	0.346266685664117	0.251288021039962	0.0121428877039158
47	0.552606603876503	0.00126416804060256	0.00324034056155121	0.00568905129005304	0.00171527134846925	0.0347306747816975	0.000695925886949423	0.650349062424253	0.346480409392409	0.250315034094529	0.0120679402916631
47.1666666666667	0.552989824473644	0.00125084575411772	0.00331415259859257	0.00557701246492102	0.00172756184589394	0.0346082211055687	0.000711659455894502	0.648668241993508	0.346822192388971	0.249539037466306	0.0119601766533012
47.3333333333333	0.553502043553208	0.00123926700828326	0.00339217060672013	0.00546120222690558	0.0017360764409508	0.0344952172944505	0.000728746853011228	0.647346664426629	0.34730344938703	0.248982341855345	0.0118150340835548
47.5	0.554158273256725	0.00122964664845234	0.0034740754084112	0.00534144372728511	0.00174032713339786	0.0343903743227751	0.000747136018868178	0.646429100401971	0.347935968537388	0.248668067106162	0.0116277728774594
47.6666666666667	0.554974121494656	0.00122220824265925	0.00355952756795651	0.00521755642805597	0.0017398073701406	0.0342923254882448	0.000766770407062889	0.64596199030257	0.348731911408427	0.248620142207737	0.0113934763303619
47.8333333333333	0.555965791946392	0.00121718408161943	0.00364816739146021	0.00508935610193242	0.00173399204523189	0.0341996264118328	0.000787588984221855	0.645993444216134	0.349703812986105	0.248863305293513	0.0111070507379199
48	0.557150084060257	0.00121481517872946	0.00373961492683986	0.00495665483234671	0.00172233749987201	0.0341107550377826	0.000809526230000533	0.646573241935053	0.350864581673959	0.249423103641398	0.0107632253961018
48.1666666666667	0.558544393053505	0.00121535127006705	0.00383346996382643	0.00481926101344903	0.00170428152240869	0.0340241116336081	0.000832512137083336	0.647752832956387	0.352227499293102	0.250325893673763	0.0103565526011875
48.3333333333333	0.560166709912321	0.00121905081439108	0.00392931203396429	0.00467697935010751	0.00167924334833704	0.0339380187900938	0.000856472211183637	0.649585336481877	0.353806221082227	0.251598840957444	0.00988140764976723
48.5	0.562035621391821	0.00122618099314155	0.00402670041061126	0.00452961085790825	0.0016466236602996	0.0338507214212949	0.000881327471043771	0.652125541417941	0.355614775697602	0.25326992020374	0.00933198883874263
48.6666666666667	0.564170310016051	0.00123701771043962	0.00412517410893852	0.00437695286315528	0.00160580458808634	0.0337603867645369	0.000906994448435028	0.655429906375669	0.357667565213076	0.255367915268414	0.00870231746532616
48.8333333333333	0.566590554077992	0.00125184559308758	0.0042242518859307	0.00421879900287059	0.00155614970863463	0.0336651043804158	0.000933385188157661	0.659556559670831	0.359979365120072	0.257922419151693	0.00798623782704123
49	0.569316727639551	0.00127095799056886	0.00432343224038583	0.00405493922479411	0.00149700404602926	0.0335628861527981	0.000960407248040881	0.664565299323873	0.362565324327594	0.260963833998267	0.00717741722172219
49.1666666666667	0.572369800531568	0.00129465697504806	0.00442219341291535	0.00388515978738376	0.00142769407150243	0.0334516662888211	0.000987963698942857	0.670517593059917	0.365440965162222	0.264523371097293	0.00626934594751446
49.3333333333333	0.575771338353815	0.00132325334137088	0.00451999338594412	0.00370924325981535	0.00134752770343377	0.0333293013188921	0.00101595312475072	0.677476578308761	0.368622183368113	0.268633050882388	0.00525533730287435
49.5	0.579543502474994	0.00135706660706421	0.00461626988371041	0.00352696852198267	0.00125579430735031	0.0331935700966893	0.00104426962238056	0.68550706220488	0.372125248107004	0.273325702931635	0.00412852758656907
49.6666666666667	0.583709050032739	0.00139642501233605	0.00471044037226588	0.00333811076449748	0.00115176469592651	0.0330421737991613	0.00107280280177742	0.694675521587426	0.375966801958207	0.278634965967582	0.00288187609767699
49.8333333333333	0.588291333933613	0.00144166552007556	0.00480190205947565	0.00314244148868945	0.00103469112898425	0.0328727359265272	0.00110143778591531	0.705050103000227	0.380163860918613	0.284595287857237	0.00150816513558726
50	0.593314302853111	0.00149313381585303	0.0048900318950182	0.00293972850660623	0.000903807313492794	0.0326828023022765	0.0011300552107972	0.716700622691786	0.384733814402692	0.291241925612076	8.67361737988404e-19
